,class,pred_1,prob_1,pred_2,prob_2
8569,LAB RESULTS,LAB RESULTS,0.7544108,LAB RESULTS,0.98323303
4669,QUERY ON CURRENT APPOINTMENT,MEDICATION RELATED,0.3568582,MEDICATION RELATED,0.7572066
3916,NEW APPOINTMENT,NEW APPOINTMENT,0.82490695,NEW APPOINTMENT,0.76333153
2586,MEDICATION RELATED,NEW APPOINTMENT,0.881867,NEW APPOINTMENT,0.7531457
2149,QUERIES FROM PHARMACY,REFILL,0.84796774,MEDICATION RELATED,0.45466167
6050,REFILL,REFILL,0.8762494,REFILL,0.8172214
2560,NEW APPOINTMENT,NEW APPOINTMENT,0.8262921,NEW APPOINTMENT,0.4524122
735,"SHARING OF LAB RECORDS (FAX, E-MAIL, ETC.)",OTHERS,0.48386854,MEDICATION RELATED,0.37731406
6591,REFILL,REFILL,0.56108564,REFILL,0.52051145
1666,REFILL,MEDICATION RELATED,0.56884515,REFILL,0.7122514
5213,SYMPTOMS,NEW APPOINTMENT,0.7066842,NEW APPOINTMENT,0.66760784
10664,NEW APPOINTMENT,NEW APPOINTMENT,0.7666138,NEW APPOINTMENT,0.96013516
2733,REFILL,REFILL,0.9976307,REFILL,0.99694246
299,MEDICATION RELATED,MEDICATION RELATED,0.44610992,MEDICATION RELATED,0.99773216
7385,PROVIDER,REFILL,0.44430193,PROVIDER,0.42251676
10195,LAB RESULTS,LAB RESULTS,0.7213533,"SHARING OF LAB RECORDS (FAX, E-MAIL, ETC.)",0.42237493
6494,REFILL,REFILL,0.97456455,REFILL,0.83587897
8360,MEDICATION RELATED,QUERIES FROM PHARMACY,0.35066268,REFILL,0.39432895
2372,PROVIDER,"SHARING OF HEALTH RECORDS (FAX, E-MAIL, ETC.)",0.38201666,PROVIDER,0.7303458
2119,REFILL,REFILL,0.9904156,REFILL,0.9929837
3007,REFILL,REFILL,0.51885176,QUERIES FROM INSURANCE FIRM,0.4754286
7346,MEDICATION RELATED,MEDICATION RELATED,0.94026566,MEDICATION RELATED,0.36624065
2376,NEW APPOINTMENT,NEW APPOINTMENT,0.9824889,NEW APPOINTMENT,0.99664307
679,MEDICATION RELATED,MEDICATION RELATED,0.78854144,MEDICATION RELATED,0.27895695
7306,REFILL,REFILL,0.9976307,REFILL,0.99694246
8487,REFILL,REFILL,0.993089,REFILL,0.9545307
8253,OTHERS,RESCHEDULING,0.34425798,NEW APPOINTMENT,0.4385418
8962,RUNNING LATE TO APPOINTMENT,RUNNING LATE TO APPOINTMENT,0.9883718,RUNNING LATE TO APPOINTMENT,0.9890031
4072,PROVIDER,PROVIDER,0.38532448,PROVIDER,0.9777298
8129,MEDICATION RELATED,RESCHEDULING,0.21193717,MEDICATION RELATED,0.6362619
9813,LAB RESULTS,LAB RESULTS,0.96967435,LAB RESULTS,0.9675336
2333,NEW APPOINTMENT,NEW APPOINTMENT,0.9818326,NEW APPOINTMENT,0.9533064
4069,REFILL,REFILL,0.65381837,REFILL,0.6283081
7267,PRIOR AUTHORIZATION,REFILL,0.85640055,REFILL,0.6655139
4807,MEDICATION RELATED,"SHARING OF HEALTH RECORDS (FAX, E-MAIL, ETC.)",0.31606624,MEDICATION RELATED,0.3609825
6138,MEDICATION RELATED,MEDICATION RELATED,0.44229954,MEDICATION RELATED,0.6600999
1554,OTHERS,OTHERS,0.82843494,OTHERS,0.8072951
1032,PROVIDER,MEDICATION RELATED,0.44889784,MEDICATION RELATED,0.7440366
574,"SHARING OF LAB RECORDS (FAX, E-MAIL, ETC.)",LAB RESULTS,0.9294416,LAB RESULTS,0.9289686
4722,MEDICATION RELATED,MEDICATION RELATED,0.42833456,MEDICATION RELATED,0.44876462
7258,NEW APPOINTMENT,NEW APPOINTMENT,0.90801316,NEW APPOINTMENT,0.85549664
6614,NEW APPOINTMENT,NEW APPOINTMENT,0.582271,NEW APPOINTMENT,0.6379227
6841,QUERIES FROM PHARMACY,QUERIES FROM PHARMACY,0.856676,QUERIES FROM PHARMACY,0.92004824
8798,RESCHEDULING,"SHARING OF HEALTH RECORDS (FAX, E-MAIL, ETC.)",0.44265464,MEDICATION RELATED,0.23970287
3659,REFILL,REFILL,0.4068649,REFILL,0.8310613
2981,NEW APPOINTMENT,NEW APPOINTMENT,0.47766834,NEW APPOINTMENT,0.9151388
2473,MEDICATION RELATED,MEDICATION RELATED,0.59162515,MEDICATION RELATED,0.49369392
10205,FOLLOW UP ON PREVIOUS REQUEST,PROVIDER,0.32797047,FOLLOW UP ON PREVIOUS REQUEST,0.9917498
1420,CANCELLATION,NEW APPOINTMENT,0.6648434,NEW APPOINTMENT,0.49305546
10069,"SHARING OF HEALTH RECORDS (FAX, E-MAIL, ETC.)","SHARING OF HEALTH RECORDS (FAX, E-MAIL, ETC.)",0.2708331,"SHARING OF HEALTH RECORDS (FAX, E-MAIL, ETC.)",0.87998515
2527,LAB RESULTS,LAB RESULTS,0.95815974,LAB RESULTS,0.93052834
8230,CHANGE OF PROVIDER,MEDICATION RELATED,0.38069156,CHANGE OF PROVIDER,0.92661077
8809,MEDICATION RELATED,MEDICATION RELATED,0.38588658,MEDICATION RELATED,0.6699845
7616,NEW APPOINTMENT,NEW APPOINTMENT,0.7838855,MEDICATION RELATED,0.3660417
8723,QUERY ON CURRENT APPOINTMENT,MEDICATION RELATED,0.30223322,MEDICATION RELATED,0.36624065
9169,MEDICATION RELATED,OTHERS,0.34843528,OTHERS,0.36598822
10319,"SHARING OF HEALTH RECORDS (FAX, E-MAIL, ETC.)",CHANGE OF PROVIDER,0.2673245,"SHARING OF HEALTH RECORDS (FAX, E-MAIL, ETC.)",0.98405886
5092,MEDICATION RELATED,MEDICATION RELATED,0.49570826,MEDICATION RELATED,0.471252
1457,OTHERS,MEDICATION RELATED,0.30223322,MEDICATION RELATED,0.36624065
9729,OTHERS,OTHERS,0.34843528,OTHERS,0.36598822
4758,CANCELLATION,QUERY ON CURRENT APPOINTMENT,0.6473361,CANCELLATION,0.6361069
5987,NEW APPOINTMENT,NEW APPOINTMENT,0.97980917,NEW APPOINTMENT,0.9646573
1036,MEDICATION RELATED,MEDICATION RELATED,0.48472807,MEDICATION RELATED,0.8024557
9532,REFILL,REFILL,0.95083374,REFILL,0.8326843
6984,MEDICATION RELATED,MEDICATION RELATED,0.3627121,MEDICATION RELATED,0.59432507
3904,MEDICATION RELATED,OTHERS,0.34595937,MEDICATION RELATED,0.36624065
10677,CANCELLATION,NEW APPOINTMENT,0.43589815,CANCELLATION,0.37189502
842,REFILL,REFILL,0.9991116,REFILL,0.9961422
10220,"SHARING OF LAB RECORDS (FAX, E-MAIL, ETC.)",LAB RESULTS,0.9573229,LAB RESULTS,0.96606445
1726,REFILL,REFILL,0.93897486,REFILL,0.40670702
588,"SHARING OF LAB RECORDS (FAX, E-MAIL, ETC.)",MEDICATION RELATED,0.8205883,"SHARING OF HEALTH RECORDS (FAX, E-MAIL, ETC.)",0.87516695
9669,FOLLOW UP ON PREVIOUS REQUEST,PROVIDER,0.32797047,FOLLOW UP ON PREVIOUS REQUEST,0.9917498
4619,CANCELLATION,NEW APPOINTMENT,0.6737116,QUERY ON CURRENT APPOINTMENT,0.47070768
2873,LAB RESULTS,LAB RESULTS,0.46251684,LAB RESULTS,0.92127925
6622,NEW APPOINTMENT,NEW APPOINTMENT,0.9829541,NEW APPOINTMENT,0.93767315
2328,QUERIES FROM PHARMACY,MEDICATION RELATED,0.37282705,QUERIES FROM PHARMACY,0.807602
345,CHANGE OF PROVIDER,NEW APPOINTMENT,0.36327162,CHANGE OF PROVIDER,0.26524517
4792,OTHERS,OTHERS,0.34843528,OTHERS,0.36598822
5696,"SHARING OF LAB RECORDS (FAX, E-MAIL, ETC.)","SHARING OF HEALTH RECORDS (FAX, E-MAIL, ETC.)",0.5152096,"SHARING OF LAB RECORDS (FAX, E-MAIL, ETC.)",0.39469162
6442,REFILL,REFILL,0.9758453,REFILL,0.67195284
7585,MEDICATION RELATED,MEDICATION RELATED,0.723938,SYMPTOMS,0.66591185
4451,REFILL,MEDICATION RELATED,0.6636745,REFILL,0.7889077
8204,REFILL,REFILL,0.9937689,REFILL,0.970335
9718,PROVIDER,NEW APPOINTMENT,0.354833,PROVIDER,0.9353376
4991,QUERIES FROM INSURANCE FIRM,"SHARING OF HEALTH RECORDS (FAX, E-MAIL, ETC.)",0.52003336,QUERIES FROM PHARMACY,0.6143749
7117,OTHERS,NEW APPOINTMENT,0.6389866,NEW APPOINTMENT,0.9478918
4653,RESCHEDULING,NEW APPOINTMENT,0.542914,NEW APPOINTMENT,0.25037357
792,MEDICATION RELATED,MEDICATION RELATED,0.37625304,MEDICATION RELATED,0.36930543
10096,LAB RESULTS,LAB RESULTS,0.9085261,LAB RESULTS,0.9878961
9391,OTHERS,NEW APPOINTMENT,0.5976845,"SHARING OF HEALTH RECORDS (FAX, E-MAIL, ETC.)",0.42609707
8349,REFILL,REFILL,0.9960246,REFILL,0.9898712
3596,QUERY ON CURRENT APPOINTMENT,"SHARING OF HEALTH RECORDS (FAX, E-MAIL, ETC.)",0.3747104,OTHERS,0.30567077
10403,NEW APPOINTMENT,NEW APPOINTMENT,0.9842552,NEW APPOINTMENT,0.9179741
1615,OTHERS,NEW APPOINTMENT,0.3029382,OTHERS,0.46130884
10430,NEW APPOINTMENT,NEW APPOINTMENT,0.98139864,NEW APPOINTMENT,0.9670805
3343,REFILL,REFILL,0.8762494,REFILL,0.8172214
7131,OTHERS,MEDICATION RELATED,0.59376276,MEDICATION RELATED,0.27545518
3624,MEDICATION RELATED,MEDICATION RELATED,0.6510842,MEDICATION RELATED,0.9893638
4677,REFILL,"SHARING OF HEALTH RECORDS (FAX, E-MAIL, ETC.)",0.6439106,REFILL,0.52260804
1763,LAB RESULTS,LAB RESULTS,0.66370356,LAB RESULTS,0.9428287
2276,QUERIES FROM PHARMACY,REFILL,0.86420304,MEDICATION RELATED,0.45810714
10467,LAB RESULTS,REFILL,0.8003004,REFILL,0.63179797
10748,NEW APPOINTMENT,NEW APPOINTMENT,0.4755064,NEW APPOINTMENT,0.8408396
2340,MEDICATION RELATED,MEDICATION RELATED,0.4697018,MEDICATION RELATED,0.37368232
9271,NEW APPOINTMENT,NEW APPOINTMENT,0.71492344,NEW APPOINTMENT,0.9865537
6087,REFILL,MEDICATION RELATED,0.64302766,REFILL,0.7729773
5701,REFILL,REFILL,0.87008035,REFILL,0.93550617
6775,MEDICATION RELATED,MEDICATION RELATED,0.628315,MEDICATION RELATED,0.36624065
5566,REFILL,REFILL,0.9988009,REFILL,0.9470873
10528,PROVIDER,OTHERS,0.255398,MEDICATION RELATED,0.36624065
9078,NEW APPOINTMENT,REFILL,0.602809,REFILL,0.86512154
5240,"SHARING OF LAB RECORDS (FAX, E-MAIL, ETC.)",LAB RESULTS,0.67497,LAB RESULTS,0.8915751
9072,MEDICATION RELATED,MEDICATION RELATED,0.9015122,MEDICATION RELATED,0.79669845
8346,NEW APPOINTMENT,NEW APPOINTMENT,0.40842932,OTHERS,0.27335167
689,NEW APPOINTMENT,NEW APPOINTMENT,0.9842552,NEW APPOINTMENT,0.9179741
9954,MEDICATION RELATED,MEDICATION RELATED,0.30383632,MEDICATION RELATED,0.94378686
6682,OTHERS,OTHERS,0.34843528,OTHERS,0.36598822
9555,PROVIDER,PROVIDER,0.22814165,CHANGE OF PHARMACY,0.38351324
487,MEDICATION RELATED,RUNNING LATE TO APPOINTMENT,0.2234581,RESCHEDULING,0.7037041
1266,NEW APPOINTMENT,MEDICATION RELATED,0.24995078,MEDICATION RELATED,0.31927705
8055,PROVIDER,MEDICATION RELATED,0.47663695,PRIOR AUTHORIZATION,0.7091117
5537,NEW APPOINTMENT,NEW APPOINTMENT,0.98216736,NEW APPOINTMENT,0.96788245
5921,MEDICATION RELATED,REFILL,0.74215716,REFILL,0.48618832
2455,NEW APPOINTMENT,NEW APPOINTMENT,0.9916476,NEW APPOINTMENT,0.9366377
8315,NEW APPOINTMENT,MEDICATION RELATED,0.683324,MEDICATION RELATED,0.5850834
7606,NEW APPOINTMENT,MEDICATION RELATED,0.25165063,NEW APPOINTMENT,0.31441453
1055,MEDICATION RELATED,"SHARING OF HEALTH RECORDS (FAX, E-MAIL, ETC.)",0.29328376,OTHERS,0.44907776
3745,REFILL,MEDICATION RELATED,0.42022356,REFILL,0.8224733
7854,NEW APPOINTMENT,NEW APPOINTMENT,0.90313023,NEW APPOINTMENT,0.95886004
7978,OTHERS,MEDICATION RELATED,0.30223322,MEDICATION RELATED,0.36624065
4821,PRIOR AUTHORIZATION,MEDICATION RELATED,0.48174724,PRIOR AUTHORIZATION,0.44190675
4464,RUNNING LATE TO APPOINTMENT,RUNNING LATE TO APPOINTMENT,0.96847814,RUNNING LATE TO APPOINTMENT,0.9890031
409,NEW APPOINTMENT,NEW APPOINTMENT,0.61736315,NEW APPOINTMENT,0.6949064
2516,REFILL,REFILL,0.602809,REFILL,0.86512154
4800,NEW APPOINTMENT,NEW APPOINTMENT,0.9842552,NEW APPOINTMENT,0.9179741
4406,CHANGE OF PROVIDER,"SHARING OF HEALTH RECORDS (FAX, E-MAIL, ETC.)",0.68169403,CHANGE OF PROVIDER,0.69415176
2092,REFILL,REFILL,0.98807293,REFILL,0.9864842
1514,PRIOR AUTHORIZATION,MEDICATION RELATED,0.3847465,PRIOR AUTHORIZATION,0.7260787
10342,"SHARING OF HEALTH RECORDS (FAX, E-MAIL, ETC.)",MEDICATION RELATED,0.47301948,MEDICATION RELATED,0.8342282
1609,NEW APPOINTMENT,NEW APPOINTMENT,0.69855887,NEW APPOINTMENT,0.53935957
9131,REFILL,REFILL,0.75852036,REFILL,0.7008337
4458,MEDICATION RELATED,MEDICATION RELATED,0.19213966,SYMPTOMS,0.74837047
7871,FOLLOW UP ON PREVIOUS REQUEST,PRIOR AUTHORIZATION,0.2992116,"SHARING OF HEALTH RECORDS (FAX, E-MAIL, ETC.)",0.63121116
2001,OTHERS,REFILL,0.36260256,"SHARING OF HEALTH RECORDS (FAX, E-MAIL, ETC.)",0.75244766
503,LAB RESULTS,NEW APPOINTMENT,0.32881337,LAB RESULTS,0.35470375
1832,QUERIES FROM PHARMACY,MEDICATION RELATED,0.43160295,REFILL,0.93617666
262,"SHARING OF LAB RECORDS (FAX, E-MAIL, ETC.)","SHARING OF HEALTH RECORDS (FAX, E-MAIL, ETC.)",0.24406262,PROVIDER,0.968809
2940,MEDICATION RELATED,REFILL,0.71943146,NEW APPOINTMENT,0.52796084
97,REFILL,REFILL,0.70136243,REFILL,0.6283081
326,LAB RESULTS,LAB RESULTS,0.80813575,LAB RESULTS,0.9327788
4350,LAB RESULTS,LAB RESULTS,0.69985133,LAB RESULTS,0.5985061
9810,FOLLOW UP ON PREVIOUS REQUEST,PROVIDER,0.32797047,FOLLOW UP ON PREVIOUS REQUEST,0.9917498
1471,QUERY ON CURRENT APPOINTMENT,MEDICATION RELATED,0.40928972,"SHARING OF HEALTH RECORDS (FAX, E-MAIL, ETC.)",0.42677078
677,MEDICATION RELATED,MEDICATION RELATED,0.845057,PROVIDER,0.25841016
8594,MEDICATION RELATED,REFILL,0.52332574,MEDICATION RELATED,0.712217
1596,REFILL,REFILL,0.4440244,REFILL,0.63340384
6,SYMPTOMS,MEDICATION RELATED,0.34691873,MEDICATION RELATED,0.4061354
706,REFILL,REFILL,0.63687205,REFILL,0.8782585
2332,RESCHEDULING,MEDICATION RELATED,0.32296804,NEW APPOINTMENT,0.6308287
10224,NEW APPOINTMENT,NEW APPOINTMENT,0.914108,NEW APPOINTMENT,0.931447
9047,REFILL,REFILL,0.9185902,REFILL,0.8377693
4754,SYMPTOMS,MEDICATION RELATED,0.5417661,MEDICATION RELATED,0.7265983
6677,REFILL,QUERIES FROM PHARMACY,0.72796535,REFILL,0.98911613
1538,SYMPTOMS,"SHARING OF HEALTH RECORDS (FAX, E-MAIL, ETC.)",0.35877392,OTHERS,0.2886724
6781,PRIOR AUTHORIZATION,MEDICATION RELATED,0.69441444,PRIOR AUTHORIZATION,0.9687903
6953,CANCELLATION,NEW APPOINTMENT,0.8420072,REFILL,0.53579736
9375,"SHARING OF HEALTH RECORDS (FAX, E-MAIL, ETC.)",MEDICATION RELATED,0.55235803,"SHARING OF HEALTH RECORDS (FAX, E-MAIL, ETC.)",0.63160425
8267,NEW APPOINTMENT,QUERY ON CURRENT APPOINTMENT,0.67465603,NEW APPOINTMENT,0.6237982
4676,MEDICATION RELATED,MEDICATION RELATED,0.3841773,MEDICATION RELATED,0.94470304
4895,MEDICATION RELATED,MEDICATION RELATED,0.39103153,MEDICATION RELATED,0.61576915
10466,MEDICATION RELATED,OTHERS,0.32312912,NEW APPOINTMENT,0.5191499
9524,MEDICATION RELATED,MEDICATION RELATED,0.30223322,MEDICATION RELATED,0.36624065
9570,OTHERS,MEDICATION RELATED,0.5413544,MEDICATION RELATED,0.4585137
504,MEDICATION RELATED,MEDICATION RELATED,0.50213224,MEDICATION RELATED,0.8425217
4465,PRIOR AUTHORIZATION,RESCHEDULING,0.40795964,MEDICATION RELATED,0.9570593
6576,FOLLOW UP ON PREVIOUS REQUEST,MEDICATION RELATED,0.63863283,PRIOR AUTHORIZATION,0.66093946
8754,QUERIES FROM PHARMACY,MEDICATION RELATED,0.36667493,NEW APPOINTMENT,0.4322074
6721,REFILL,OTHERS,0.34843528,OTHERS,0.36598822
3454,QUERIES FROM PHARMACY,MEDICATION RELATED,0.35221493,QUERIES FROM INSURANCE FIRM,0.4475534
5507,LAB RESULTS,LAB RESULTS,0.9636108,LAB RESULTS,0.9987406
1499,REFILL,MEDICATION RELATED,0.8557916,QUERIES FROM PHARMACY,0.43048543
10192,OTHERS,MEDICATION RELATED,0.3642652,PRIOR AUTHORIZATION,0.27600378
7894,RUNNING LATE TO APPOINTMENT,RUNNING LATE TO APPOINTMENT,0.56820667,RUNNING LATE TO APPOINTMENT,0.99520206
4362,RESCHEDULING,MEDICATION RELATED,0.79584014,MEDICATION RELATED,0.35355377
2213,FOLLOW UP ON PREVIOUS REQUEST,MEDICATION RELATED,0.5598061,FOLLOW UP ON PREVIOUS REQUEST,0.62204593
7617,OTHERS,OTHERS,0.34843528,OTHERS,0.36598822
516,NEW APPOINTMENT,NEW APPOINTMENT,0.9642028,NEW APPOINTMENT,0.99304694
7400,MEDICATION RELATED,REFILL,0.73304105,MEDICATION RELATED,0.27841634
5072,"SHARING OF HEALTH RECORDS (FAX, E-MAIL, ETC.)",NEW APPOINTMENT,0.8259002,"SHARING OF HEALTH RECORDS (FAX, E-MAIL, ETC.)",0.4175287
8937,REFILL,REFILL,0.97043645,REFILL,0.9293865
9142,QUERIES FROM PHARMACY,QUERIES FROM PHARMACY,0.42027283,CHANGE OF PROVIDER,0.93126935
1828,PROVIDER,PROVIDER,0.2721486,PROVIDER,0.92083997
9979,REFILL,REFILL,0.97363836,REFILL,0.7145094
974,QUERIES FROM PHARMACY,PRIOR AUTHORIZATION,0.52406627,PRIOR AUTHORIZATION,0.9176355
5942,MEDICATION RELATED,OTHERS,0.34843528,OTHERS,0.36598822
5640,REFILL,REFILL,0.9937593,REFILL,0.970335
6089,CHANGE OF PROVIDER,OTHERS,0.34843528,OTHERS,0.36598822
4611,MEDICATION RELATED,REFILL,0.77975833,REFILL,0.6283081
4806,REFILL,REFILL,0.9976307,REFILL,0.99694246
4480,REFILL,REFILL,0.5718775,MEDICATION RELATED,0.61345124
354,PROVIDER,PRIOR AUTHORIZATION,0.25096032,PROVIDER,0.99133027
1581,QUERY ON CURRENT APPOINTMENT,NEW APPOINTMENT,0.95212436,NEW APPOINTMENT,0.91886246
820,"SHARING OF HEALTH RECORDS (FAX, E-MAIL, ETC.)",NEW APPOINTMENT,0.6737016,RESCHEDULING,0.3112198
8318,LAB RESULTS,LAB RESULTS,0.8358421,LAB RESULTS,0.79722077
4454,NEW APPOINTMENT,NEW APPOINTMENT,0.42382672,NEW APPOINTMENT,0.76957184
917,MEDICATION RELATED,OTHERS,0.36867294,NEW APPOINTMENT,0.39510468
4058,PROVIDER,PROVIDER,0.500502,MEDICATION RELATED,0.37690514
3988,NEW APPOINTMENT,NEW APPOINTMENT,0.9842552,NEW APPOINTMENT,0.9179741
5233,MEDICATION RELATED,MEDICATION RELATED,0.5045078,MEDICATION RELATED,0.7268482
10234,PROVIDER,OTHERS,0.255398,MEDICATION RELATED,0.36624065
8023,QUERIES FROM PHARMACY,REFILL,0.44627976,FOLLOW UP ON PREVIOUS REQUEST,0.39174852
9022,RESCHEDULING,MEDICATION RELATED,0.5444613,MEDICATION RELATED,0.66264814
5653,REFILL,REFILL,0.985342,REFILL,0.9784006
4395,CHANGE OF HOSPITAL,MEDICATION RELATED,0.21323735,"SHARING OF HEALTH RECORDS (FAX, E-MAIL, ETC.)",0.4773898
3910,NEW APPOINTMENT,NEW APPOINTMENT,0.98902917,NEW APPOINTMENT,0.95222497
3324,"SHARING OF HEALTH RECORDS (FAX, E-MAIL, ETC.)",MEDICATION RELATED,0.71883905,MEDICATION RELATED,0.34901118
2756,REFILL,REFILL,0.9959223,REFILL,0.9953288
6519,MEDICATION RELATED,NEW APPOINTMENT,0.19066666,MEDICATION RELATED,0.3764811
1379,MEDICATION RELATED,MEDICATION RELATED,0.30223322,MEDICATION RELATED,0.36624065
6119,QUERIES FROM PHARMACY,REFILL,0.26785758,MEDICATION RELATED,0.38091174
5851,"SHARING OF HEALTH RECORDS (FAX, E-MAIL, ETC.)",MEDICATION RELATED,0.3917648,"SHARING OF HEALTH RECORDS (FAX, E-MAIL, ETC.)",0.7110115
107,MEDICATION RELATED,MEDICATION RELATED,0.64557105,MEDICATION RELATED,0.7734174
1629,REFILL,REFILL,0.280542,REFILL,0.9235953
6240,CANCELLATION,OTHERS,0.34843528,OTHERS,0.36598822
1241,REFILL,MEDICATION RELATED,0.72103494,REFILL,0.86460245
7793,NEW APPOINTMENT,REFILL,0.43666163,MEDICATION RELATED,0.2580836
2971,PROVIDER,REFILL,0.8661926,REFILL,0.7925867
6036,MEDICATION RELATED,OTHERS,0.35202447,MEDICATION RELATED,0.36439356
1524,"SHARING OF LAB RECORDS (FAX, E-MAIL, ETC.)","SHARING OF HEALTH RECORDS (FAX, E-MAIL, ETC.)",0.3341636,PROVIDER,0.2755896
3991,REFILL,REFILL,0.94805527,REFILL,0.8803614
4711,REFILL,NEW APPOINTMENT,0.69855887,NEW APPOINTMENT,0.53935957
2900,RUNNING LATE TO APPOINTMENT,RUNNING LATE TO APPOINTMENT,0.96847814,RUNNING LATE TO APPOINTMENT,0.9890031
7094,MEDICATION RELATED,MEDICATION RELATED,0.30223322,MEDICATION RELATED,0.36624065
8729,PROVIDER,PROVIDER,0.53868306,PROVIDER,0.96474206
3425,NEW APPOINTMENT,NEW APPOINTMENT,0.91549224,NEW APPOINTMENT,0.93093884
8600,MEDICATION RELATED,CANCELLATION,0.37997434,MEDICATION RELATED,0.8103155
4250,MEDICATION RELATED,OTHERS,0.37408182,MEDICATION RELATED,0.8550458
6139,REFILL,QUERIES FROM PHARMACY,0.7780748,REFILL,0.69111097
1258,REFILL,REFILL,0.9542032,REFILL,0.9654497
5770,OTHERS,MEDICATION RELATED,0.6707639,MEDICATION RELATED,0.36624065
1308,NEW APPOINTMENT,NEW APPOINTMENT,0.90801316,NEW APPOINTMENT,0.85549664
6509,MEDICATION RELATED,OTHERS,0.34843528,OTHERS,0.36598822
1216,MEDICATION RELATED,MEDICATION RELATED,0.59169614,MEDICATION RELATED,0.3201531
4610,NEW APPOINTMENT,NEW APPOINTMENT,0.7307804,NEW APPOINTMENT,0.32471606
1021,NEW APPOINTMENT,NEW APPOINTMENT,0.9840486,NEW APPOINTMENT,0.58982676
5726,REFILL,REFILL,0.95362616,REFILL,0.9627849
4278,OTHERS,MEDICATION RELATED,0.5523776,OTHERS,0.2809321
4288,NEW APPOINTMENT,NEW APPOINTMENT,0.5605603,NEW APPOINTMENT,0.80121636
2347,REFILL,MEDICATION RELATED,0.32675296,OTHERS,0.3900142
1225,OTHERS,MEDICATION RELATED,0.62803733,MEDICATION RELATED,0.83912235
5083,PRIOR AUTHORIZATION,MEDICATION RELATED,0.4493305,PRIOR AUTHORIZATION,0.4317512
8563,REFILL,MEDICATION RELATED,0.48452312,MEDICATION RELATED,0.297943
9554,PROVIDER,NEW APPOINTMENT,0.36807457,MEDICATION RELATED,0.3179196
1997,PROVIDER,MEDICATION RELATED,0.5407181,PROVIDER,0.9543635
1124,REFILL,REFILL,0.73495907,REFILL,0.5071295
1583,NEW APPOINTMENT,MEDICATION RELATED,0.32972673,MEDICATION RELATED,0.41342783
10311,"SHARING OF HEALTH RECORDS (FAX, E-MAIL, ETC.)","SHARING OF HEALTH RECORDS (FAX, E-MAIL, ETC.)",0.89442194,"SHARING OF HEALTH RECORDS (FAX, E-MAIL, ETC.)",0.480314
4681,NEW APPOINTMENT,REFILL,0.9830194,REFILL,0.94584304
3490,"SHARING OF LAB RECORDS (FAX, E-MAIL, ETC.)",MEDICATION RELATED,0.6553342,MEDICATION RELATED,0.8701975
879,LAB RESULTS,LAB RESULTS,0.9343985,LAB RESULTS,0.9639324
5587,REFILL,"SHARING OF HEALTH RECORDS (FAX, E-MAIL, ETC.)",0.31834963,REFILL,0.29475775
3269,NEW APPOINTMENT,MEDICATION RELATED,0.3602943,OTHERS,0.30376038
1355,NEW APPOINTMENT,OTHERS,0.34843528,OTHERS,0.36598822
9642,LAB RESULTS,NEW APPOINTMENT,0.34419972,LAB RESULTS,0.99169135
276,MEDICATION RELATED,FOLLOW UP ON PREVIOUS REQUEST,0.56168807,MEDICATION RELATED,0.40850836
55,OTHERS,NEW APPOINTMENT,0.3125999,OTHERS,0.29673257
2280,QUERIES FROM PHARMACY,MEDICATION RELATED,0.2862385,MEDICATION RELATED,0.658963
1953,REFILL,REFILL,0.76524353,REFILL,0.8527388
9191,REFILL,REFILL,0.85640055,REFILL,0.6655139
8220,RESCHEDULING,MEDICATION RELATED,0.7269648,RESCHEDULING,0.29184094
6855,QUERIES FROM PHARMACY,MEDICATION RELATED,0.43737388,QUERIES FROM PHARMACY,0.61263657
7029,LAB RESULTS,"SHARING OF LAB RECORDS (FAX, E-MAIL, ETC.)",0.49605614,LAB RESULTS,0.78890187
6251,PROVIDER,LAB RESULTS,0.6592635,PROVIDER,0.3639991
5927,NEW APPOINTMENT,NEW APPOINTMENT,0.90478635,NEW APPOINTMENT,0.80415475
9166,"SHARING OF HEALTH RECORDS (FAX, E-MAIL, ETC.)","SHARING OF HEALTH RECORDS (FAX, E-MAIL, ETC.)",0.43236572,"SHARING OF HEALTH RECORDS (FAX, E-MAIL, ETC.)",0.76965135
10129,MEDICATION RELATED,MEDICATION RELATED,0.29517812,MEDICATION RELATED,0.91973716
9257,NEW APPOINTMENT,NEW APPOINTMENT,0.92435443,NEW APPOINTMENT,0.89800185
947,NEW APPOINTMENT,NEW APPOINTMENT,0.57454485,NEW APPOINTMENT,0.60354024
8554,NEW APPOINTMENT,NEW APPOINTMENT,0.5987778,NEW APPOINTMENT,0.7507968
5172,MEDICATION RELATED,REFILL,0.56084573,MEDICATION RELATED,0.36624065
9163,MEDICATION RELATED,OTHERS,0.51557934,MEDICATION RELATED,0.899286
5382,MEDICATION RELATED,REFILL,0.32998562,REFILL,0.83590287
9610,OTHERS,OTHERS,0.34843528,OTHERS,0.36598822
1414,NEW APPOINTMENT,NEW APPOINTMENT,0.91884387,MEDICATION RELATED,0.28603366
544,"SHARING OF HEALTH RECORDS (FAX, E-MAIL, ETC.)","SHARING OF HEALTH RECORDS (FAX, E-MAIL, ETC.)",0.33898333,"SHARING OF HEALTH RECORDS (FAX, E-MAIL, ETC.)",0.65283024
3479,MEDICATION RELATED,REFILL,0.7549377,MEDICATION RELATED,0.5197415
3244,LAB RESULTS,LAB RESULTS,0.89266163,LAB RESULTS,0.9977768
6629,REFILL,MEDICATION RELATED,0.8885682,CHANGE OF PROVIDER,0.3435683
1970,MEDICATION RELATED,OTHERS,0.38879785,MEDICATION RELATED,0.8550458
6165,LAB RESULTS,LAB RESULTS,0.92233783,LAB RESULTS,0.9993641
5099,QUERIES FROM PHARMACY,MEDICATION RELATED,0.5540832,QUERIES FROM PHARMACY,0.44579697
1685,MEDICATION RELATED,"SHARING OF HEALTH RECORDS (FAX, E-MAIL, ETC.)",0.5390541,MEDICATION RELATED,0.3682325
7264,OTHERS,NEW APPOINTMENT,0.68122214,MEDICATION RELATED,0.60704774
3172,NEW APPOINTMENT,REFILL,0.5135047,NEW APPOINTMENT,0.48302332
7816,NEW APPOINTMENT,NEW APPOINTMENT,0.7677213,NEW APPOINTMENT,0.67701435
8984,OTHERS,REFILL,0.6026083,QUERIES FROM PHARMACY,0.8265204
4646,REFILL,REFILL,0.9260415,REFILL,0.969914
2,MEDICATION RELATED,MEDICATION RELATED,0.47110328,MEDICATION RELATED,0.38522613
2308,"SHARING OF HEALTH RECORDS (FAX, E-MAIL, ETC.)","SHARING OF HEALTH RECORDS (FAX, E-MAIL, ETC.)",0.50777185,"SHARING OF HEALTH RECORDS (FAX, E-MAIL, ETC.)",0.7927099
10406,RESCHEDULING,MEDICATION RELATED,0.69062996,MEDICATION RELATED,0.3334643
6985,"SHARING OF HEALTH RECORDS (FAX, E-MAIL, ETC.)",REFILL,0.15326463,"SHARING OF HEALTH RECORDS (FAX, E-MAIL, ETC.)",0.88030547
3462,NEW APPOINTMENT,NEW APPOINTMENT,0.8655044,NEW APPOINTMENT,0.7042232
4026,REFILL,NEW APPOINTMENT,0.20139517,MEDICATION RELATED,0.75823206
5583,"SHARING OF LAB RECORDS (FAX, E-MAIL, ETC.)",LAB RESULTS,0.98784095,LAB RESULTS,0.99672866
9891,"SHARING OF HEALTH RECORDS (FAX, E-MAIL, ETC.)","SHARING OF HEALTH RECORDS (FAX, E-MAIL, ETC.)",0.28268307,QUERIES FROM PHARMACY,0.30851957
4130,REFILL,REFILL,0.8762494,REFILL,0.8172214
6211,MEDICATION RELATED,MEDICATION RELATED,0.5373653,MEDICATION RELATED,0.4035738
2006,OTHERS,OTHERS,0.34843528,OTHERS,0.36598822
7044,MEDICATION RELATED,MEDICATION RELATED,0.43494907,MEDICATION RELATED,0.7862006
7705,OTHERS,OTHERS,0.34843528,OTHERS,0.36598822
9140,REFILL,REFILL,0.47797447,REFILL,0.8684367
3814,OTHERS,MEDICATION RELATED,0.37465173,OTHERS,0.43663964
8610,RESCHEDULING,NEW APPOINTMENT,0.48084524,NEW APPOINTMENT,0.83226776
2072,FOLLOW UP ON PREVIOUS REQUEST,OTHERS,0.36651197,MEDICATION RELATED,0.46175674
2487,MEDICATION RELATED,MEDICATION RELATED,0.6026925,MEDICATION RELATED,0.4750964
129,NEW APPOINTMENT,NEW APPOINTMENT,0.44904357,NEW APPOINTMENT,0.84787667
1555,REFILL,REFILL,0.9930091,REFILL,0.98792994
6344,NEW APPOINTMENT,NEW APPOINTMENT,0.97566813,NEW APPOINTMENT,0.9746762
929,"SHARING OF LAB RECORDS (FAX, E-MAIL, ETC.)",NEW APPOINTMENT,0.3556922,MEDICATION RELATED,0.26822653
3649,SYMPTOMS,MEDICATION RELATED,0.42869455,MEDICATION RELATED,0.41065538
10452,OTHERS,MEDICATION RELATED,0.5085875,OTHERS,0.31422535
7468,OTHERS,MEDICATION RELATED,0.24505492,RESCHEDULING,0.3963454
2588,QUERIES FROM PHARMACY,MEDICATION RELATED,0.7461958,MEDICATION RELATED,0.36624065
10008,LAB RESULTS,LAB RESULTS,0.75263804,LAB RESULTS,0.9963243
7735,"SHARING OF LAB RECORDS (FAX, E-MAIL, ETC.)",LAB RESULTS,0.8315982,LAB RESULTS,0.86167234
3093,SYMPTOMS,MEDICATION RELATED,0.593032,SYMPTOMS,0.90733004
4860,QUERIES FROM PHARMACY,REFILL,0.4804571,REFILL,0.57480186
6742,SYMPTOMS,OTHERS,0.34843528,OTHERS,0.36598822
6162,MEDICATION RELATED,FOLLOW UP ON PREVIOUS REQUEST,0.26774368,MEDICATION RELATED,0.53821594
1325,OTHERS,"SHARING OF HEALTH RECORDS (FAX, E-MAIL, ETC.)",0.4542275,MEDICATION RELATED,0.36624065
2352,MEDICATION RELATED,REFILL,0.6136335,MEDICATION RELATED,0.83076525
6745,LAB RESULTS,OTHERS,0.5268933,PROVIDER,0.7630689
9790,LAB RESULTS,REFILL,0.79913104,REFILL,0.37661207
10474,OTHERS,OTHERS,0.34843528,OTHERS,0.36598822
8918,FOLLOW UP ON PREVIOUS REQUEST,PROVIDER,0.32797047,FOLLOW UP ON PREVIOUS REQUEST,0.9917498
10602,"SHARING OF LAB RECORDS (FAX, E-MAIL, ETC.)",MEDICATION RELATED,0.5153763,LAB RESULTS,0.6338235
4441,PRIOR AUTHORIZATION,PRIOR AUTHORIZATION,0.5621626,PRIOR AUTHORIZATION,0.5753722
4674,MEDICATION RELATED,MEDICATION RELATED,0.42546692,MEDICATION RELATED,0.27841634
5297,MEDICATION RELATED,MEDICATION RELATED,0.5194627,MEDICATION RELATED,0.87108
342,NEW APPOINTMENT,NEW APPOINTMENT,0.93267035,NEW APPOINTMENT,0.22301789
631,PROVIDER,"SHARING OF HEALTH RECORDS (FAX, E-MAIL, ETC.)",0.49248046,PROVIDER,0.78821063
10548,CANCELLATION,CANCELLATION,0.7917217,CANCELLATION,0.8868604
3427,MEDICATION RELATED,QUERIES FROM PHARMACY,0.46075213,QUERIES FROM PHARMACY,0.90811884
143,REFILL,REFILL,0.8661926,REFILL,0.7925867
6678,"SHARING OF HEALTH RECORDS (FAX, E-MAIL, ETC.)",MEDICATION RELATED,0.32202756,"SHARING OF HEALTH RECORDS (FAX, E-MAIL, ETC.)",0.6115653
568,REFILL,REFILL,0.9678428,REFILL,0.9627849
1286,REFILL,REFILL,0.9623791,REFILL,0.7838131
112,REFILL,REFILL,0.9228722,REFILL,0.96370727
9558,"SHARING OF HEALTH RECORDS (FAX, E-MAIL, ETC.)",MEDICATION RELATED,0.7421895,MEDICATION RELATED,0.7068686
5436,"SHARING OF HEALTH RECORDS (FAX, E-MAIL, ETC.)","SHARING OF HEALTH RECORDS (FAX, E-MAIL, ETC.)",0.40635183,"SHARING OF HEALTH RECORDS (FAX, E-MAIL, ETC.)",0.6173323
1252,"SHARING OF HEALTH RECORDS (FAX, E-MAIL, ETC.)",CHANGE OF PROVIDER,0.1980978,PRIOR AUTHORIZATION,0.84898394
6090,PRIOR AUTHORIZATION,"SHARING OF HEALTH RECORDS (FAX, E-MAIL, ETC.)",0.39214367,"SHARING OF HEALTH RECORDS (FAX, E-MAIL, ETC.)",0.45587853
7600,MEDICATION RELATED,QUERIES FROM PHARMACY,0.44531482,QUERIES FROM PHARMACY,0.85427684
9782,REFILL,OTHERS,0.34843528,OTHERS,0.36598822
1802,OTHERS,MEDICATION RELATED,0.86641014,CHANGE OF PROVIDER,0.64745086
10507,NEW APPOINTMENT,NEW APPOINTMENT,0.972099,NEW APPOINTMENT,0.9968466
6869,REFILL,CHANGE OF PROVIDER,0.45048755,CHANGE OF PROVIDER,0.5521371
457,NEW APPOINTMENT,NEW APPOINTMENT,0.9198125,NEW APPOINTMENT,0.874896
7041,NEW APPOINTMENT,MEDICATION RELATED,0.32730016,MEDICATION RELATED,0.36624065
5691,FOLLOW UP ON PREVIOUS REQUEST,MEDICATION RELATED,0.7192619,FOLLOW UP ON PREVIOUS REQUEST,0.95550066
9976,MEDICATION RELATED,MEDICATION RELATED,0.69905734,MEDICATION RELATED,0.37434742
4661,MEDICATION RELATED,FOLLOW UP ON PREVIOUS REQUEST,0.40090743,REFILL,0.8084388
671,NEW APPOINTMENT,RESCHEDULING,0.45222363,QUERY ON CURRENT APPOINTMENT,0.759315
2367,MEDICATION RELATED,OTHERS,0.23885697,OTHERS,0.78969616
2111,RUNNING LATE TO APPOINTMENT,RUNNING LATE TO APPOINTMENT,0.9883718,RUNNING LATE TO APPOINTMENT,0.9890031
5595,QUERIES FROM PHARMACY,REFILL,0.68583107,REFILL,0.8943549
4861,NEW APPOINTMENT,NEW APPOINTMENT,0.52349585,NEW APPOINTMENT,0.7620299
436,MEDICATION RELATED,MEDICATION RELATED,0.33192176,OTHERS,0.3900408
6771,PRIOR AUTHORIZATION,"SHARING OF HEALTH RECORDS (FAX, E-MAIL, ETC.)",0.21443363,MEDICATION RELATED,0.59197974
8463,FOLLOW UP ON PREVIOUS REQUEST,MEDICATION RELATED,0.44420767,MEDICATION RELATED,0.86579114
8777,MEDICATION RELATED,MEDICATION RELATED,0.6741937,MEDICATION RELATED,0.42629495
8841,MEDICATION RELATED,MEDICATION RELATED,0.43787655,MEDICATION RELATED,0.7016
428,OTHERS,REFILL,0.54274696,OTHERS,0.29397622
6515,MEDICATION RELATED,MEDICATION RELATED,0.47725207,MEDICATION RELATED,0.51043445
6694,CHANGE OF PHARMACY,REFILL,0.22964604,REFILL,0.73491913
3405,REFILL,QUERIES FROM PHARMACY,0.47316447,REFILL,0.92626923
4025,OTHERS,MEDICATION RELATED,0.37502775,SYMPTOMS,0.51706636
1079,PROVIDER,NEW APPOINTMENT,0.29241508,LAB RESULTS,0.53573626
8975,MEDICATION RELATED,NEW APPOINTMENT,0.66692567,MEDICATION RELATED,0.8371578
5466,OTHERS,REFILL,0.32046273,MEDICATION RELATED,0.7629007
2562,NEW APPOINTMENT,NEW APPOINTMENT,0.71946305,NEW APPOINTMENT,0.3667564
8894,RESCHEDULING,MEDICATION RELATED,0.31185433,RESCHEDULING,0.35893533
6864,QUERY ON CURRENT APPOINTMENT,RESCHEDULING,0.31557024,NEW APPOINTMENT,0.31817228
6816,PRIOR AUTHORIZATION,MEDICATION RELATED,0.34665513,PRIOR AUTHORIZATION,0.7328458
1331,REFILL,REFILL,0.99897766,REFILL,0.99101967
10485,NEW APPOINTMENT,NEW APPOINTMENT,0.9436911,NEW APPOINTMENT,0.63625115
9270,NEW APPOINTMENT,REFILL,0.4970456,REFILL,0.56309694
3763,NEW APPOINTMENT,NEW APPOINTMENT,0.33490312,NEW APPOINTMENT,0.7616966
7345,"SHARING OF HEALTH RECORDS (FAX, E-MAIL, ETC.)",MEDICATION RELATED,0.46778178,MEDICATION RELATED,0.77807546
7797,RUNNING LATE TO APPOINTMENT,RUNNING LATE TO APPOINTMENT,0.9883718,RUNNING LATE TO APPOINTMENT,0.9890031
5626,FOLLOW UP ON PREVIOUS REQUEST,QUERIES FROM PHARMACY,0.26189888,MEDICATION RELATED,0.19143239
1194,NEW APPOINTMENT,NEW APPOINTMENT,0.6719671,NEW APPOINTMENT,0.86681104
7411,OTHERS,MEDICATION RELATED,0.613838,MEDICATION RELATED,0.37507132
7490,QUERIES FROM PHARMACY,MEDICATION RELATED,0.30122706,REFILL,0.45010227
202,NEW APPOINTMENT,NEW APPOINTMENT,0.9388319,NEW APPOINTMENT,0.80842966
9082,"SHARING OF HEALTH RECORDS (FAX, E-MAIL, ETC.)",MEDICATION RELATED,0.31102753,OTHERS,0.48714826
3639,PRIOR AUTHORIZATION,MEDICATION RELATED,0.8343384,QUERIES FROM PHARMACY,0.3659229
4946,OTHERS,NEW APPOINTMENT,0.8080611,OTHERS,0.50711477
10298,OTHERS,OTHERS,0.34843528,OTHERS,0.36598822
2384,NEW APPOINTMENT,LAB RESULTS,0.581688,PROVIDER,0.43490267
3145,RUNNING LATE TO APPOINTMENT,RUNNING LATE TO APPOINTMENT,0.97565675,RUNNING LATE TO APPOINTMENT,0.9952394
8096,"SHARING OF HEALTH RECORDS (FAX, E-MAIL, ETC.)",CHANGE OF PROVIDER,0.27590126,"SHARING OF HEALTH RECORDS (FAX, E-MAIL, ETC.)",0.40897614
7919,"SHARING OF HEALTH RECORDS (FAX, E-MAIL, ETC.)","SHARING OF HEALTH RECORDS (FAX, E-MAIL, ETC.)",0.75635487,"SHARING OF HEALTH RECORDS (FAX, E-MAIL, ETC.)",0.89288986
5493,CHANGE OF PROVIDER,PROVIDER,0.34371766,PROVIDER,0.30420512
9650,PRIOR AUTHORIZATION,MEDICATION RELATED,0.37558678,PRIOR AUTHORIZATION,0.99490595
9816,REFILL,REFILL,0.8691979,REFILL,0.67368203
4516,REFILL,REFILL,0.9941994,REFILL,0.99548846
9491,MEDICATION RELATED,MEDICATION RELATED,0.4816241,NEW APPOINTMENT,0.54356253
1159,MEDICATION RELATED,"SHARING OF HEALTH RECORDS (FAX, E-MAIL, ETC.)",0.4881765,MEDICATION RELATED,0.69096494
1523,REFILL,REFILL,0.35741872,REFILL,0.8505199
9450,NEW APPOINTMENT,MEDICATION RELATED,0.5206392,"SHARING OF HEALTH RECORDS (FAX, E-MAIL, ETC.)",0.3415024
8329,MEDICATION RELATED,MEDICATION RELATED,0.31424293,MEDICATION RELATED,0.5089206
7166,RESCHEDULING,NEW APPOINTMENT,0.7923449,NEW APPOINTMENT,0.9111379
4839,NEW APPOINTMENT,NEW APPOINTMENT,0.9564283,NEW APPOINTMENT,0.94745207
7162,MEDICATION RELATED,RUNNING LATE TO APPOINTMENT,0.32250786,MEDICATION RELATED,0.4323466
3459,QUERY ON CURRENT APPOINTMENT,MEDICATION RELATED,0.37668675,NEW APPOINTMENT,0.23687449
526,PROVIDER,PROVIDER,0.52575153,PROVIDER,0.69216686
715,PRIOR AUTHORIZATION,MEDICATION RELATED,0.46227998,QUERIES FROM PHARMACY,0.7407568
5994,LAB RESULTS,LAB RESULTS,0.91454226,LAB RESULTS,0.92378134
7612,NEW APPOINTMENT,NEW APPOINTMENT,0.813561,NEW APPOINTMENT,0.8050154
4822,NEW APPOINTMENT,MEDICATION RELATED,0.21046412,MEDICATION RELATED,0.3719053
5820,CHANGE OF PROVIDER,CHANGE OF PROVIDER,0.28661838,CHANGE OF PROVIDER,0.42279014
7355,REFILL,REFILL,0.9960246,REFILL,0.9898712
8256,NEW APPOINTMENT,MEDICATION RELATED,0.65537435,"SHARING OF LAB RECORDS (FAX, E-MAIL, ETC.)",0.3955638
2866,MEDICATION RELATED,MEDICATION RELATED,0.89845824,MEDICATION RELATED,0.71028316
5362,REFILL,REFILL,0.99078256,REFILL,0.98750687
3322,REFILL,MEDICATION RELATED,0.48363692,MEDICATION RELATED,0.29128832
2795,RESCHEDULING,NEW APPOINTMENT,0.7762009,NEW APPOINTMENT,0.83783746
3858,REFILL,REFILL,0.995596,REFILL,0.9906591
8015,PROVIDER,PROVIDER,0.46849892,MEDICATION RELATED,0.62765265
9733,OTHERS,MEDICATION RELATED,0.8293416,MEDICATION RELATED,0.7578814
2426,MEDICATION RELATED,MEDICATION RELATED,0.76634854,MEDICATION RELATED,0.27895513
1411,OTHERS,OTHERS,0.34843528,OTHERS,0.36598822
8232,REFILL,NEW APPOINTMENT,0.8242277,REFILL,0.86957395
10720,NEW APPOINTMENT,MEDICATION RELATED,0.48145196,NEW APPOINTMENT,0.8542027
8344,REFILL,REFILL,0.97949505,REFILL,0.98750687
6389,REFILL,REFILL,0.99837554,REFILL,0.9964896
9243,LAB RESULTS,OTHERS,0.34843528,OTHERS,0.36598822
5991,"SHARING OF HEALTH RECORDS (FAX, E-MAIL, ETC.)","SHARING OF HEALTH RECORDS (FAX, E-MAIL, ETC.)",0.8782775,"SHARING OF HEALTH RECORDS (FAX, E-MAIL, ETC.)",0.91416425
2724,MEDICATION RELATED,MEDICATION RELATED,0.48851565,MEDICATION RELATED,0.78104573
4925,CANCELLATION,MEDICATION RELATED,0.29612234,CANCELLATION,0.55488974
6965,QUERIES FROM PHARMACY,"SHARING OF HEALTH RECORDS (FAX, E-MAIL, ETC.)",0.36837557,QUERIES FROM PHARMACY,0.29415214
10694,NEW APPOINTMENT,NEW APPOINTMENT,0.9842552,NEW APPOINTMENT,0.9179741
1812,MEDICATION RELATED,QUERIES FROM PHARMACY,0.4436465,REFILL,0.62381595
5978,MEDICATION RELATED,QUERIES FROM PHARMACY,0.62951136,REFILL,0.39380586
3170,REFILL,REFILL,0.971387,REFILL,0.95672065
8869,CHANGE OF PROVIDER,PROVIDER,0.42164624,MEDICATION RELATED,0.8267032
1568,MEDICATION RELATED,MEDICATION RELATED,0.44030526,MEDICATION RELATED,0.823403
1607,NEW APPOINTMENT,NEW APPOINTMENT,0.78441006,NEW APPOINTMENT,0.8043766
5043,REFILL,REFILL,0.7187604,MEDICATION RELATED,0.3807896
1189,REFILL,REFILL,0.9962715,REFILL,0.9872459
9061,OTHERS,NEW APPOINTMENT,0.2910335,LAB RESULTS,0.53573626
3933,REFILL,MEDICATION RELATED,0.7122172,MEDICATION RELATED,0.4969478
3566,NEW APPOINTMENT,RESCHEDULING,0.5996212,NEW APPOINTMENT,0.7884951
10705,RUNNING LATE TO APPOINTMENT,RUNNING LATE TO APPOINTMENT,0.9883718,RUNNING LATE TO APPOINTMENT,0.9890031
1565,PROVIDER,MEDICATION RELATED,0.30023852,PROVIDER,0.9675038
347,SYMPTOMS,MEDICATION RELATED,0.7802613,MEDICATION RELATED,0.5311642
3309,REFILL,REFILL,0.85500693,REFILL,0.56766075
4987,REFILL,REFILL,0.9960246,REFILL,0.9898712
5951,MEDICATION RELATED,MEDICATION RELATED,0.61859494,MEDICATION RELATED,0.90984637
2689,REFILL,MEDICATION RELATED,0.41484115,REFILL,0.5749197
5031,OTHERS,NEW APPOINTMENT,0.7735702,OTHERS,0.3754853
3733,FOLLOW UP ON PREVIOUS REQUEST,MEDICATION RELATED,0.72395,FOLLOW UP ON PREVIOUS REQUEST,0.8879579
2461,"SHARING OF HEALTH RECORDS (FAX, E-MAIL, ETC.)",MEDICATION RELATED,0.5492172,MEDICATION RELATED,0.6429722
3318,REFILL,REFILL,0.9962715,REFILL,0.9872459
67,REFILL,REFILL,0.78260154,REFILL,0.75173277
8920,REFILL,MEDICATION RELATED,0.4424629,REFILL,0.5601216
4771,"SHARING OF LAB RECORDS (FAX, E-MAIL, ETC.)","SHARING OF HEALTH RECORDS (FAX, E-MAIL, ETC.)",0.5123287,"SHARING OF HEALTH RECORDS (FAX, E-MAIL, ETC.)",0.83355844
7961,"SHARING OF HEALTH RECORDS (FAX, E-MAIL, ETC.)","SHARING OF HEALTH RECORDS (FAX, E-MAIL, ETC.)",0.8782775,"SHARING OF HEALTH RECORDS (FAX, E-MAIL, ETC.)",0.91416425
6596,QUERIES FROM PHARMACY,OTHERS,0.22937357,REFILL,0.3030388
6391,REFILL,REFILL,0.95972854,REFILL,0.67368203
7868,MEDICATION RELATED,MEDICATION RELATED,0.2964448,MEDICATION RELATED,0.94510424
2565,REFILL,REFILL,0.54274696,OTHERS,0.29397622
6884,REFILL,REFILL,0.9960246,REFILL,0.9898712
7452,REFILL,REFILL,0.99276054,REFILL,0.9794806
5845,"SHARING OF HEALTH RECORDS (FAX, E-MAIL, ETC.)",MEDICATION RELATED,0.280983,MEDICATION RELATED,0.27658835
8369,NEW APPOINTMENT,NEW APPOINTMENT,0.914108,NEW APPOINTMENT,0.931447
3254,NEW APPOINTMENT,QUERY ON CURRENT APPOINTMENT,0.5007396,OTHERS,0.71436197
7437,"SHARING OF HEALTH RECORDS (FAX, E-MAIL, ETC.)",MEDICATION RELATED,0.47342905,FOLLOW UP ON PREVIOUS REQUEST,0.70021874
10517,OTHERS,OTHERS,0.34843528,OTHERS,0.36598822
4,"SHARING OF HEALTH RECORDS (FAX, E-MAIL, ETC.)","SHARING OF HEALTH RECORDS (FAX, E-MAIL, ETC.)",0.9340073,"SHARING OF HEALTH RECORDS (FAX, E-MAIL, ETC.)",0.682376
8731,CANCELLATION,NEW APPOINTMENT,0.6435142,NEW APPOINTMENT,0.5306345
3208,REFILL,REFILL,0.6105317,QUERIES FROM PHARMACY,0.2593127
3191,REFILL,REFILL,0.9904156,REFILL,0.9929837
222,MEDICATION RELATED,REFILL,0.6725348,QUERIES FROM PHARMACY,0.84378
3216,MEDICATION RELATED,REFILL,0.62258625,QUERIES FROM PHARMACY,0.4339006
2471,NEW APPOINTMENT,MEDICATION RELATED,0.6377091,MEDICATION RELATED,0.4712005
6540,MEDICATION RELATED,PROVIDER,0.6177689,REFILL,0.39075676
3115,MEDICATION RELATED,MEDICATION RELATED,0.6548503,REFILL,0.5864267
861,RESCHEDULING,NEW APPOINTMENT,0.97185004,NEW APPOINTMENT,0.8519804
6696,"SHARING OF HEALTH RECORDS (FAX, E-MAIL, ETC.)",MEDICATION RELATED,0.26842153,"SHARING OF HEALTH RECORDS (FAX, E-MAIL, ETC.)",0.4926047
4485,NEW APPOINTMENT,NEW APPOINTMENT,0.9819817,NEW APPOINTMENT,0.7852754
214,"SHARING OF LAB RECORDS (FAX, E-MAIL, ETC.)",MEDICATION RELATED,0.6931276,OTHERS,0.55691564
10524,OTHERS,OTHERS,0.34843528,OTHERS,0.36598822
10120,MEDICATION RELATED,MEDICATION RELATED,0.3504475,"SHARING OF HEALTH RECORDS (FAX, E-MAIL, ETC.)",0.4583768
9244,PROVIDER,PROVIDER,0.7706384,PROVIDER,0.8936018
9218,LAB RESULTS,NEW APPOINTMENT,0.80555344,LAB RESULTS,0.75841385
931,MEDICATION RELATED,MEDICATION RELATED,0.39971316,MEDICATION RELATED,0.7585279
2904,NEW APPOINTMENT,NEW APPOINTMENT,0.93062365,NEW APPOINTMENT,0.8396983
5399,REFILL,QUERIES FROM PHARMACY,0.78146946,MEDICATION RELATED,0.8423826
3142,REFILL,REFILL,0.67342174,MEDICATION RELATED,0.4454469
7315,CHANGE OF PHARMACY,REFILL,0.9960246,REFILL,0.9898712
8100,NEW APPOINTMENT,NEW APPOINTMENT,0.82873935,NEW APPOINTMENT,0.9141788
7127,MEDICATION RELATED,MEDICATION RELATED,0.56107205,MEDICATION RELATED,0.3540987
8187,SYMPTOMS,MEDICATION RELATED,0.69905734,MEDICATION RELATED,0.37434742
9192,REFILL,REFILL,0.8762494,REFILL,0.8172214
1262,NEW APPOINTMENT,NEW APPOINTMENT,0.9910061,NEW APPOINTMENT,0.92462116
2407,"SHARING OF HEALTH RECORDS (FAX, E-MAIL, ETC.)",MEDICATION RELATED,0.57582414,"SHARING OF HEALTH RECORDS (FAX, E-MAIL, ETC.)",0.79812735
7806,LAB RESULTS,LAB RESULTS,0.98784095,LAB RESULTS,0.99672866
6348,LAB RESULTS,LAB RESULTS,0.8358421,LAB RESULTS,0.79722077
7200,REFILL,MEDICATION RELATED,0.3357693,PRIOR AUTHORIZATION,0.5541995
6370,FOLLOW UP ON PREVIOUS REQUEST,REFILL,0.41069093,QUERIES FROM PHARMACY,0.5787958
6091,REFILL,REFILL,0.8818797,REFILL,0.673987
6972,OTHERS,OTHERS,0.92035794,LAB RESULTS,0.45391357
2421,PRIOR AUTHORIZATION,MEDICATION RELATED,0.5884811,MEDICATION RELATED,0.33198008
7849,NEW APPOINTMENT,RESCHEDULING,0.56778514,RESCHEDULING,0.77642226
3759,NEW APPOINTMENT,"SHARING OF LAB RECORDS (FAX, E-MAIL, ETC.)",0.3298435,LAB RESULTS,0.29617494
10527,NEW APPOINTMENT,NEW APPOINTMENT,0.9842552,NEW APPOINTMENT,0.9179741
5028,NEW APPOINTMENT,NEW APPOINTMENT,0.9916476,NEW APPOINTMENT,0.9366377
5026,OTHERS,NEW APPOINTMENT,0.46722078,OTHERS,0.8517564
8142,SYMPTOMS,MEDICATION RELATED,0.77769184,SYMPTOMS,0.6403408
5995,MEDICATION RELATED,"SHARING OF HEALTH RECORDS (FAX, E-MAIL, ETC.)",0.3019097,MEDICATION RELATED,0.5132573
8812,NEW APPOINTMENT,NEW APPOINTMENT,0.4529869,MEDICATION RELATED,0.4332879
1592,NEW APPOINTMENT,NEW APPOINTMENT,0.21775287,NEW APPOINTMENT,0.8389709
10200,RESCHEDULING,MEDICATION RELATED,0.38643464,"SHARING OF LAB RECORDS (FAX, E-MAIL, ETC.)",0.45111918
4998,MEDICATION RELATED,"SHARING OF HEALTH RECORDS (FAX, E-MAIL, ETC.)",0.5413981,MEDICATION RELATED,0.43275878
9011,MEDICATION RELATED,QUERIES FROM PHARMACY,0.51304454,MEDICATION RELATED,0.7798399
8216,MEDICATION RELATED,MEDICATION RELATED,0.6682111,MEDICATION RELATED,0.79669845
5862,PRIOR AUTHORIZATION,MEDICATION RELATED,0.3866922,PRIOR AUTHORIZATION,0.53587186
9109,NEW APPOINTMENT,NEW APPOINTMENT,0.83692575,NEW APPOINTMENT,0.8960358
1593,MEDICATION RELATED,"SHARING OF HEALTH RECORDS (FAX, E-MAIL, ETC.)",0.6423781,MEDICATION RELATED,0.35276812
3180,REFILL,REFILL,0.8762494,REFILL,0.8172214
8443,NEW APPOINTMENT,NEW APPOINTMENT,0.90801316,NEW APPOINTMENT,0.85549664
8996,QUERIES FROM PHARMACY,MEDICATION RELATED,0.19044116,REFILL,0.8782585
3363,OTHERS,MEDICATION RELATED,0.3962814,MEDICATION RELATED,0.7592183
3091,REFILL,REFILL,0.8761815,REFILL,0.7331691
5373,MEDICATION RELATED,MEDICATION RELATED,0.29053345,MEDICATION RELATED,0.8271843
9441,SYMPTOMS,OTHERS,0.31989184,OTHERS,0.35115886
3197,OTHERS,PROVIDER,0.56201595,PROVIDER,0.86284715
4993,REFILL,REFILL,0.99840194,REFILL,0.9949031
4577,"SHARING OF HEALTH RECORDS (FAX, E-MAIL, ETC.)",LAB RESULTS,0.31772345,MEDICATION RELATED,0.8550458
33,OTHERS,NEW APPOINTMENT,0.6435142,NEW APPOINTMENT,0.5306345
6522,SYMPTOMS,MEDICATION RELATED,0.30223322,MEDICATION RELATED,0.36624065
2045,NEW APPOINTMENT,MEDICATION RELATED,0.69905734,MEDICATION RELATED,0.37434742
6218,RUNNING LATE TO APPOINTMENT,MEDICATION RELATED,0.3821047,RUNNING LATE TO APPOINTMENT,0.5553869
6039,NEW APPOINTMENT,NEW APPOINTMENT,0.90666676,NEW APPOINTMENT,0.9212936
2177,REFILL,REFILL,0.8761815,REFILL,0.7331691
1613,PROVIDER,OTHERS,0.34843528,OTHERS,0.36598822
2959,MEDICATION RELATED,MEDICATION RELATED,0.72923106,MEDICATION RELATED,0.74661356
10226,"SHARING OF HEALTH RECORDS (FAX, E-MAIL, ETC.)","SHARING OF HEALTH RECORDS (FAX, E-MAIL, ETC.)",0.22310063,PROVIDER,0.8320164
8876,REFILL,REFILL,0.9960246,REFILL,0.9898712
1340,REFILL,MEDICATION RELATED,0.30223322,MEDICATION RELATED,0.36624065
7052,QUERIES FROM PHARMACY,MEDICATION RELATED,0.4346956,MEDICATION RELATED,0.30888513
6740,SYMPTOMS,OTHERS,0.34843528,OTHERS,0.36598822
5742,MEDICATION RELATED,"SHARING OF HEALTH RECORDS (FAX, E-MAIL, ETC.)",0.28632548,MEDICATION RELATED,0.41615847
6973,PROVIDER,"SHARING OF HEALTH RECORDS (FAX, E-MAIL, ETC.)",0.7155713,PROVIDER,0.9775504
6554,"SHARING OF HEALTH RECORDS (FAX, E-MAIL, ETC.)","SHARING OF HEALTH RECORDS (FAX, E-MAIL, ETC.)",0.8724638,"SHARING OF HEALTH RECORDS (FAX, E-MAIL, ETC.)",0.7453029
4178,PROVIDER,NEW APPOINTMENT,0.4523287,NEW APPOINTMENT,0.57217807
8167,REFILL,REFILL,0.92567843,REFILL,0.51681656
10712,NEW APPOINTMENT,RESCHEDULING,0.43321982,NEW APPOINTMENT,0.890871
4759,LAB RESULTS,LAB RESULTS,0.9936068,LAB RESULTS,0.9940701
2392,MEDICATION RELATED,MEDICATION RELATED,0.6087375,RESCHEDULING,0.32570413
7081,OTHERS,OTHERS,0.34843528,OTHERS,0.36598822
2660,REFILL,MEDICATION RELATED,0.8155612,MEDICATION RELATED,0.66710675
4010,NEW APPOINTMENT,NEW APPOINTMENT,0.98358065,NEW APPOINTMENT,0.9502847
6030,REFILL,REFILL,0.9976307,REFILL,0.99694246
3556,NEW APPOINTMENT,NEW APPOINTMENT,0.97142327,NEW APPOINTMENT,0.8246124
5878,MEDICATION RELATED,OTHERS,0.3349973,REFILL,0.31527737
4015,REFILL,REFILL,0.9542032,REFILL,0.9654497
6250,PROVIDER,PROVIDER,0.7706384,PROVIDER,0.8936018
4204,OTHERS,OTHERS,0.34843528,OTHERS,0.36598822
1368,PROVIDER,MEDICATION RELATED,0.194463,PROVIDER,0.8598988
6130,REFILL,MEDICATION RELATED,0.7249119,MEDICATION RELATED,0.51459855
6327,REFILL,REFILL,0.6211884,REFILL,0.6369543
964,PROVIDER,MEDICATION RELATED,0.46319327,QUERIES FROM PHARMACY,0.5995881
6719,MEDICATION RELATED,OTHERS,0.34843528,OTHERS,0.36598822
6147,MEDICATION RELATED,MEDICATION RELATED,0.6579642,MEDICATION RELATED,0.8255556
6185,"SHARING OF HEALTH RECORDS (FAX, E-MAIL, ETC.)",MEDICATION RELATED,0.5916569,MEDICATION RELATED,0.36033258
8201,NEW APPOINTMENT,OTHERS,0.34843528,OTHERS,0.36598822
10460,MEDICATION RELATED,"SHARING OF HEALTH RECORDS (FAX, E-MAIL, ETC.)",0.3402304,NEW APPOINTMENT,0.26426026
2526,REFILL,REFILL,0.8175019,PRIOR AUTHORIZATION,0.47289273
4636,MEDICATION RELATED,"SHARING OF HEALTH RECORDS (FAX, E-MAIL, ETC.)",0.2916324,OTHERS,0.3378824
8092,QUERY ON CURRENT APPOINTMENT,MEDICATION RELATED,0.48236632,NEW APPOINTMENT,0.5638504
6851,MEDICATION RELATED,REFILL,0.31114414,MEDICATION RELATED,0.37308058
6419,REFILL,MEDICATION RELATED,0.34485283,QUERIES FROM PHARMACY,0.62261033
1246,REFILL,MEDICATION RELATED,0.703547,REFILL,0.98481256
1278,LAB RESULTS,NEW APPOINTMENT,0.22762431,OTHERS,0.55195016
2464,MEDICATION RELATED,MEDICATION RELATED,0.68486005,MEDICATION RELATED,0.87797844
5625,NEW APPOINTMENT,NEW APPOINTMENT,0.95788676,NEW APPOINTMENT,0.93223196
743,"SHARING OF LAB RECORDS (FAX, E-MAIL, ETC.)",MEDICATION RELATED,0.33384618,"SHARING OF LAB RECORDS (FAX, E-MAIL, ETC.)",0.9327572
6693,"SHARING OF HEALTH RECORDS (FAX, E-MAIL, ETC.)",MEDICATION RELATED,0.41595498,MEDICATION RELATED,0.33860096
779,REFILL,REFILL,0.78700083,REFILL,0.9968503
264,"SHARING OF LAB RECORDS (FAX, E-MAIL, ETC.)",NEW APPOINTMENT,0.5857497,LAB RESULTS,0.49154738
10542,RESCHEDULING,QUERY ON CURRENT APPOINTMENT,0.3974352,NEW APPOINTMENT,0.9372478
5656,FOLLOW UP ON PREVIOUS REQUEST,OTHERS,0.2640569,FOLLOW UP ON PREVIOUS REQUEST,0.99516064
613,REFILL,REFILL,0.9941994,REFILL,0.99548846
7494,PROVIDER,PROVIDER,0.69997954,QUERIES FROM PHARMACY,0.4884086
2595,LAB RESULTS,MEDICATION RELATED,0.5628642,MEDICATION RELATED,0.48825163
5584,LAB RESULTS,LAB RESULTS,0.7565366,OTHERS,0.36593965
3407,PRIOR AUTHORIZATION,MEDICATION RELATED,0.41987643,PRIOR AUTHORIZATION,0.4725545
10458,MEDICATION RELATED,OTHERS,0.38095343,MEDICATION RELATED,0.52410954
10142,SYMPTOMS,MEDICATION RELATED,0.61042446,MEDICATION RELATED,0.3573123
5593,NEW APPOINTMENT,NEW APPOINTMENT,0.9552934,NEW APPOINTMENT,0.75995094
7291,SYMPTOMS,MEDICATION RELATED,0.5259475,MEDICATION RELATED,0.54249805
6189,SYMPTOMS,MEDICATION RELATED,0.27634227,MEDICATION RELATED,0.41216043
5372,MEDICATION RELATED,MEDICATION RELATED,0.52394456,MEDICATION RELATED,0.75728446
7780,REFILL,REFILL,0.7971412,QUERIES FROM PHARMACY,0.6806665
10354,RESCHEDULING,NEW APPOINTMENT,0.8263845,NEW APPOINTMENT,0.8542027
8470,MEDICATION RELATED,MEDICATION RELATED,0.3639641,MEDICATION RELATED,0.29874212
9069,RESCHEDULING,NEW APPOINTMENT,0.97211784,NEW APPOINTMENT,0.99340963
5311,CANCELLATION,REFILL,0.63036907,REFILL,0.31118447
2129,OTHERS,MEDICATION RELATED,0.84264815,MEDICATION RELATED,0.49693108
9919,RESCHEDULING,OTHERS,0.38193762,NEW APPOINTMENT,0.37000537
3893,NEW APPOINTMENT,MEDICATION RELATED,0.34329987,NEW APPOINTMENT,0.8704681
3717,MEDICATION RELATED,MEDICATION RELATED,0.48090667,MEDICATION RELATED,0.36611384
2555,MEDICATION RELATED,REFILL,0.27436298,REFILL,0.7965803
8366,SYMPTOMS,NEW APPOINTMENT,0.3029382,OTHERS,0.46130884
10610,OTHERS,NEW APPOINTMENT,0.84575206,CANCELLATION,0.6394826
7075,REFILL,MEDICATION RELATED,0.74376965,REFILL,0.445427
9937,"SHARING OF HEALTH RECORDS (FAX, E-MAIL, ETC.)","SHARING OF HEALTH RECORDS (FAX, E-MAIL, ETC.)",0.3848211,SYMPTOMS,0.3842271
3741,REFILL,REFILL,0.72223186,REFILL,0.8139019
7789,OTHERS,NEW APPOINTMENT,0.4529869,MEDICATION RELATED,0.4332879
3604,NEW APPOINTMENT,NEW APPOINTMENT,0.57454485,NEW APPOINTMENT,0.60354024
5016,NEW APPOINTMENT,NEW APPOINTMENT,0.82203,NEW APPOINTMENT,0.86059725
9010,CANCELLATION,NEW APPOINTMENT,0.47200298,CANCELLATION,0.660547
3328,FOLLOW UP ON PREVIOUS REQUEST,FOLLOW UP ON PREVIOUS REQUEST,0.24428032,PRIOR AUTHORIZATION,0.842217
2840,MEDICATION RELATED,MEDICATION RELATED,0.2855604,MEDICATION RELATED,0.65343654
4816,REFILL,REFILL,0.9976307,REFILL,0.99694246
5053,MEDICATION RELATED,OTHERS,0.34843528,OTHERS,0.36598822
10463,"SHARING OF HEALTH RECORDS (FAX, E-MAIL, ETC.)",PROVIDER,0.4070518,CHANGE OF PROVIDER,0.45225286
2094,REFILL,REFILL,0.93811506,REFILL,0.7420246
6762,NEW APPOINTMENT,MEDICATION RELATED,0.3378293,NEW APPOINTMENT,0.4541754
2511,REFILL,REFILL,0.81420606,MEDICATION RELATED,0.6251781
9887,PROVIDER,NEW APPOINTMENT,0.71841174,MEDICATION RELATED,0.7982343
391,NEW APPOINTMENT,NEW APPOINTMENT,0.93803567,NEW APPOINTMENT,0.8594375
7420,OTHERS,NEW APPOINTMENT,0.53182214,MEDICATION RELATED,0.46454012
1482,QUERY ON CURRENT APPOINTMENT,NEW APPOINTMENT,0.7340725,NEW APPOINTMENT,0.4442634
4365,NEW APPOINTMENT,OTHERS,0.34843528,OTHERS,0.36598822
5301,NEW APPOINTMENT,MEDICATION RELATED,0.25165063,NEW APPOINTMENT,0.31441453
2030,NEW APPOINTMENT,MEDICATION RELATED,0.79155517,MEDICATION RELATED,0.53039736
9367,REFILL,REFILL,0.9960246,REFILL,0.9898712
1083,RESCHEDULING,MEDICATION RELATED,0.24809706,RESCHEDULING,0.26102468
9590,FOLLOW UP ON PREVIOUS REQUEST,"SHARING OF HEALTH RECORDS (FAX, E-MAIL, ETC.)",0.34780192,FOLLOW UP ON PREVIOUS REQUEST,0.78487694
2699,PROVIDER,MEDICATION RELATED,0.45329776,MEDICATION RELATED,0.34962544
4837,FOLLOW UP ON PREVIOUS REQUEST,MEDICATION RELATED,0.3919285,OTHERS,0.36855832
9088,REFILL,MEDICATION RELATED,0.43688652,REFILL,0.7864024
4763,NEW APPOINTMENT,NEW APPOINTMENT,0.91780066,NEW APPOINTMENT,0.800812
5389,CANCELLATION,NEW APPOINTMENT,0.68281806,NEW APPOINTMENT,0.7273827
6181,REFILL,REFILL,0.95972854,REFILL,0.67368203
5392,CHANGE OF PROVIDER,"SHARING OF HEALTH RECORDS (FAX, E-MAIL, ETC.)",0.45394498,OTHERS,0.34089905
5689,MEDICATION RELATED,REFILL,0.6204917,REFILL,0.5906902
5087,REFILL,"SHARING OF HEALTH RECORDS (FAX, E-MAIL, ETC.)",0.36911204,MEDICATION RELATED,0.4181346
5330,NEW APPOINTMENT,MEDICATION RELATED,0.62326217,MEDICATION RELATED,0.3313743
3034,MEDICATION RELATED,REFILL,0.48963717,REFILL,0.3133174
2357,MEDICATION RELATED,OTHERS,0.41285223,MEDICATION RELATED,0.38501373
7767,REFILL,REFILL,0.9922989,REFILL,0.95991784
9118,MEDICATION RELATED,MEDICATION RELATED,0.69905734,MEDICATION RELATED,0.37434742
8711,OTHERS,NEW APPOINTMENT,0.43574333,"SHARING OF LAB RECORDS (FAX, E-MAIL, ETC.)",0.3182595
1436,PRIOR AUTHORIZATION,MEDICATION RELATED,0.5687466,PRIOR AUTHORIZATION,0.6751446
781,QUERIES FROM INSURANCE FIRM,PROVIDER,0.48187193,MEDICATION RELATED,0.38761654
10698,LAB RESULTS,LAB RESULTS,0.69579124,LAB RESULTS,0.9818511
5265,REFILL,REFILL,0.9965312,REFILL,0.9469035
5167,REFILL,MEDICATION RELATED,0.19044116,REFILL,0.8782585
3465,MEDICATION RELATED,NEW APPOINTMENT,0.4529869,MEDICATION RELATED,0.4332879
311,OTHERS,"SHARING OF HEALTH RECORDS (FAX, E-MAIL, ETC.)",0.3730754,OTHERS,0.5674365
1298,OTHERS,NEW APPOINTMENT,0.482451,NEW APPOINTMENT,0.429955
9712,"SHARING OF LAB RECORDS (FAX, E-MAIL, ETC.)","SHARING OF HEALTH RECORDS (FAX, E-MAIL, ETC.)",0.6457754,OTHERS,0.28633282
10116,"SHARING OF HEALTH RECORDS (FAX, E-MAIL, ETC.)",OTHERS,0.34843528,OTHERS,0.36598822
2498,REFILL,REFILL,0.8175019,PRIOR AUTHORIZATION,0.47289273
4205,PRIOR AUTHORIZATION,MEDICATION RELATED,0.43761382,PRIOR AUTHORIZATION,0.9313105
10575,RESCHEDULING,NEW APPOINTMENT,0.5168629,NEW APPOINTMENT,0.54865813
770,OTHERS,"SHARING OF HEALTH RECORDS (FAX, E-MAIL, ETC.)",0.46622992,REFILL,0.25490874
6225,LAB RESULTS,LAB RESULTS,0.69579124,LAB RESULTS,0.9818511
6425,MEDICATION RELATED,MEDICATION RELATED,0.5543148,MEDICATION RELATED,0.52217036
2127,RESCHEDULING,NEW APPOINTMENT,0.7739171,NEW APPOINTMENT,0.7837651
3055,REFILL,REFILL,0.9035413,REFILL,0.91808796
9212,PROVIDER,NEW APPOINTMENT,0.52321345,NEW APPOINTMENT,0.7906323
3125,NEW APPOINTMENT,NEW APPOINTMENT,0.57454485,NEW APPOINTMENT,0.60354024
5144,REFILL,RUNNING LATE TO APPOINTMENT,0.37826988,MEDICATION RELATED,0.41076034
5208,NEW APPOINTMENT,OTHERS,0.28125829,NEW APPOINTMENT,0.6782363
7712,REFILL,REFILL,0.6986361,REFILL,0.79409826
4290,PRIOR AUTHORIZATION,MEDICATION RELATED,0.36371687,PRIOR AUTHORIZATION,0.8903746
329,MEDICATION RELATED,MEDICATION RELATED,0.6208543,MEDICATION RELATED,0.85894555
2787,NEW APPOINTMENT,NEW APPOINTMENT,0.8114821,NEW APPOINTMENT,0.9076641
1192,OTHERS,OTHERS,0.34843528,OTHERS,0.36598822
4899,"SHARING OF LAB RECORDS (FAX, E-MAIL, ETC.)",PROVIDER,0.8789009,PROVIDER,0.95986843
263,MEDICATION RELATED,LAB RESULTS,0.29536945,LAB RESULTS,0.6742874
4858,SYMPTOMS,MEDICATION RELATED,0.28917664,NEW APPOINTMENT,0.5191499
8377,"SHARING OF HEALTH RECORDS (FAX, E-MAIL, ETC.)","SHARING OF HEALTH RECORDS (FAX, E-MAIL, ETC.)",0.23707214,"SHARING OF HEALTH RECORDS (FAX, E-MAIL, ETC.)",0.85531765
2906,RESCHEDULING,OTHERS,0.3362678,RESCHEDULING,0.31841376
5161,MEDICATION RELATED,MEDICATION RELATED,0.77257276,MEDICATION RELATED,0.7260187
2317,REFILL,REFILL,0.9962715,REFILL,0.9872459
7964,MEDICATION RELATED,NEW APPOINTMENT,0.46754894,MEDICATION RELATED,0.9134879
586,QUERIES FROM PHARMACY,PRIOR AUTHORIZATION,0.71656483,REFILL,0.8171189
8350,RUNNING LATE TO APPOINTMENT,RUNNING LATE TO APPOINTMENT,0.96847814,RUNNING LATE TO APPOINTMENT,0.9890031
3932,NEW APPOINTMENT,NEW APPOINTMENT,0.6435142,NEW APPOINTMENT,0.5306345
4241,MEDICATION RELATED,REFILL,0.54274696,OTHERS,0.29397622
7898,OTHERS,NEW APPOINTMENT,0.48456645,NEW APPOINTMENT,0.62061733
1768,OTHERS,MEDICATION RELATED,0.85386354,OTHERS,0.3105861
5008,QUERIES FROM INSURANCE FIRM,PRIOR AUTHORIZATION,0.42510444,MEDICATION RELATED,0.32930842
6436,NEW APPOINTMENT,MEDICATION RELATED,0.8105373,MEDICATION RELATED,0.69515747
8210,QUERIES FROM PHARMACY,REFILL,0.8762494,REFILL,0.8172214
3430,MEDICATION RELATED,MEDICATION RELATED,0.69704825,MEDICATION RELATED,0.78104573
5915,REFILL,REFILL,0.9985959,REFILL,0.92984504
8459,MEDICATION RELATED,MEDICATION RELATED,0.5495121,PROVIDER,0.7363168
1861,QUERIES FROM PHARMACY,MEDICATION RELATED,0.33802816,MEDICATION RELATED,0.8039962
8462,"SHARING OF LAB RECORDS (FAX, E-MAIL, ETC.)",LAB RESULTS,0.6781943,LAB RESULTS,0.6807041
5249,MEDICATION RELATED,"SHARING OF HEALTH RECORDS (FAX, E-MAIL, ETC.)",0.3967234,MEDICATION RELATED,0.3829978
4149,MEDICATION RELATED,MEDICATION RELATED,0.8929855,MEDICATION RELATED,0.9235402
10154,QUERIES FROM PHARMACY,MEDICATION RELATED,0.37021983,MEDICATION RELATED,0.36338958
6557,MEDICATION RELATED,MEDICATION RELATED,0.6839092,MEDICATION RELATED,0.42757925
5261,REFILL,REFILL,0.5207779,REFILL,0.97744
722,MEDICATION RELATED,MEDICATION RELATED,0.731362,MEDICATION RELATED,0.36468115
8675,LAB RESULTS,OTHERS,0.29666084,LAB RESULTS,0.44639274
10252,QUERIES FROM PHARMACY,MEDICATION RELATED,0.37282705,QUERIES FROM PHARMACY,0.807602
8164,"SHARING OF HEALTH RECORDS (FAX, E-MAIL, ETC.)","SHARING OF HEALTH RECORDS (FAX, E-MAIL, ETC.)",0.532943,PROVIDER,0.72139674
1306,PRIOR AUTHORIZATION,OTHERS,0.51947534,OTHERS,0.24477243
4627,MEDICATION RELATED,REFILL,0.9674701,REFILL,0.7551177
8121,OTHERS,OTHERS,0.34843528,OTHERS,0.36598822
3816,REFILL,REFILL,0.9480712,REFILL,0.51681656
8744,"SHARING OF LAB RECORDS (FAX, E-MAIL, ETC.)",LAB RESULTS,0.28904456,"SHARING OF LAB RECORDS (FAX, E-MAIL, ETC.)",0.71362144
1166,REFILL,MEDICATION RELATED,0.8948227,REFILL,0.89211404
5648,MEDICATION RELATED,MEDICATION RELATED,0.43120062,MEDICATION RELATED,0.9097708
6205,QUERIES FROM PHARMACY,MEDICATION RELATED,0.5419244,QUERIES FROM PHARMACY,0.81346923
7544,REFILL,REFILL,0.8762494,REFILL,0.8172214
8306,LAB RESULTS,PROVIDER,0.30296683,PROVIDER,0.72317713
1915,CHANGE OF PHARMACY,MEDICATION RELATED,0.46468362,MEDICATION RELATED,0.23993243
1774,PROVIDER,"SHARING OF HEALTH RECORDS (FAX, E-MAIL, ETC.)",0.7421273,MEDICATION RELATED,0.36624065
1113,REFILL,REFILL,0.99758625,REFILL,0.9916155
1758,NEW APPOINTMENT,NEW APPOINTMENT,0.82051,NEW APPOINTMENT,0.9693518
2899,MEDICATION RELATED,NEW APPOINTMENT,0.6264166,NEW APPOINTMENT,0.9308436
3048,MEDICATION RELATED,NEW APPOINTMENT,0.9689041,NEW APPOINTMENT,0.90010434
5460,QUERIES FROM PHARMACY,QUERIES FROM PHARMACY,0.6135318,REFILL,0.75173277
1837,MEDICATION RELATED,OTHERS,0.34843528,OTHERS,0.36598822
7288,NEW APPOINTMENT,NEW APPOINTMENT,0.9240744,NEW APPOINTMENT,0.8324728
7913,MEDICATION RELATED,MEDICATION RELATED,0.30383632,MEDICATION RELATED,0.94378686
7549,REFILL,QUERIES FROM PHARMACY,0.27584785,REFILL,0.9041931
4056,NEW APPOINTMENT,NEW APPOINTMENT,0.6834349,NEW APPOINTMENT,0.80120724
570,REFILL,REFILL,0.9678428,REFILL,0.9627849
10155,LAB RESULTS,LAB RESULTS,0.97891253,LAB RESULTS,0.9937099
3675,REFILL,REFILL,0.970874,REFILL,0.8519301
4871,MEDICATION RELATED,OTHERS,0.4743055,PROVIDER,0.16563441
5520,NEW APPOINTMENT,MEDICATION RELATED,0.29415733,NEW APPOINTMENT,0.51247346
373,REFILL,REFILL,0.8761815,REFILL,0.7331691
1370,PRIOR AUTHORIZATION,MEDICATION RELATED,0.7268384,FOLLOW UP ON PREVIOUS REQUEST,0.6547662
1120,REFILL,MEDICATION RELATED,0.30223322,MEDICATION RELATED,0.36624065
5078,OTHERS,PRIOR AUTHORIZATION,0.5996827,PRIOR AUTHORIZATION,0.968907
6443,OTHERS,MEDICATION RELATED,0.65768445,REFILL,0.56074363
9325,QUERIES FROM PHARMACY,MEDICATION RELATED,0.5637623,FOLLOW UP ON PREVIOUS REQUEST,0.91091824
1943,REFILL,PRIOR AUTHORIZATION,0.36600235,REFILL,0.53031236
9599,LAB RESULTS,LAB RESULTS,0.9900017,LAB RESULTS,0.97933733
7262,NEW APPOINTMENT,NEW APPOINTMENT,0.95190215,MEDICATION RELATED,0.34191597
1975,LAB RESULTS,PROVIDER,0.8676195,MEDICATION RELATED,0.67992085
4182,OTHERS,OTHERS,0.34843528,OTHERS,0.36598822
7225,OTHERS,LAB RESULTS,0.24778126,QUERY ON CURRENT APPOINTMENT,0.7449743
5467,OTHERS,MEDICATION RELATED,0.6437464,MEDICATION RELATED,0.30327865
5513,QUERY ON CURRENT APPOINTMENT,NEW APPOINTMENT,0.90769565,NEW APPOINTMENT,0.5047398
7249,REFILL,REFILL,0.9301615,REFILL,0.96753746
4534,REFILL,RESCHEDULING,0.26281023,CHANGE OF PROVIDER,0.2925106
10716,QUERIES FROM PHARMACY,MEDICATION RELATED,0.26032957,MEDICATION RELATED,0.4500415
6097,RESCHEDULING,OTHERS,0.46536604,NEW APPOINTMENT,0.8754769
895,REFILL,MEDICATION RELATED,0.5492172,MEDICATION RELATED,0.6429722
9158,NEW APPOINTMENT,NEW APPOINTMENT,0.58538985,MEDICATION RELATED,0.36624065
2970,PROVIDER,REFILL,0.8661926,REFILL,0.7925867
9351,NEW APPOINTMENT,NEW APPOINTMENT,0.99141204,MEDICATION RELATED,0.3659909
5538,MEDICATION RELATED,NEW APPOINTMENT,0.5378391,MEDICATION RELATED,0.96895975
9911,NEW APPOINTMENT,NEW APPOINTMENT,0.43627456,NEW APPOINTMENT,0.43147945
9531,NEW APPOINTMENT,NEW APPOINTMENT,0.5794108,NEW APPOINTMENT,0.6923314
10024,NEW APPOINTMENT,NEW APPOINTMENT,0.49436957,NEW APPOINTMENT,0.8394594
7224,REFILL,NEW APPOINTMENT,0.3029382,OTHERS,0.46130884
3266,QUERIES FROM PHARMACY,REFILL,0.4706249,QUERIES FROM PHARMACY,0.870412
8503,REFILL,REFILL,0.9975231,REFILL,0.9372186
2161,SYMPTOMS,MEDICATION RELATED,0.47149247,MEDICATION RELATED,0.92972165
9104,CHANGE OF PROVIDER,CHANGE OF PROVIDER,0.4916997,CHANGE OF PROVIDER,0.93573564
3614,NEW APPOINTMENT,NEW APPOINTMENT,0.7717528,NEW APPOINTMENT,0.93027633
6456,REFILL,REFILL,0.89851665,REFILL,0.8739145
9656,LAB RESULTS,QUERIES FROM PHARMACY,0.49769443,REFILL,0.45599237
7671,CHANGE OF PROVIDER,NEW APPOINTMENT,0.5650504,NEW APPOINTMENT,0.3268859
6795,MEDICATION RELATED,REFILL,0.8378689,REFILL,0.43823075
5312,MEDICATION RELATED,REFILL,0.79913104,REFILL,0.37661207
2902,REFILL,REFILL,0.9937406,REFILL,0.9502534
7890,REFILL,REFILL,0.9205944,REFILL,0.97570693
4115,NEW APPOINTMENT,NEW APPOINTMENT,0.94168025,NEW APPOINTMENT,0.91262716
4106,MEDICATION RELATED,"SHARING OF HEALTH RECORDS (FAX, E-MAIL, ETC.)",0.37469313,MEDICATION RELATED,0.5714563
9242,OTHERS,OTHERS,0.34843528,OTHERS,0.36598822
811,LAB RESULTS,OTHERS,0.34843528,OTHERS,0.36598822
1644,REFILL,QUERIES FROM PHARMACY,0.41941425,REFILL,0.8324421
3344,REFILL,REFILL,0.9769512,REFILL,0.9849007
2962,REFILL,REFILL,0.5464481,REFILL,0.37490502
1638,QUERIES FROM PHARMACY,REFILL,0.58422834,QUERIES FROM PHARMACY,0.77758694
2417,MEDICATION RELATED,MEDICATION RELATED,0.34926543,NEW APPOINTMENT,0.28642893
8814,"SHARING OF LAB RECORDS (FAX, E-MAIL, ETC.)",MEDICATION RELATED,0.7476138,PROVIDER,0.83160186
2493,REFILL,REFILL,0.8972486,REFILL,0.82918555
10501,MEDICATION RELATED,MEDICATION RELATED,0.5817531,MEDICATION RELATED,0.705107
8950,MEDICATION RELATED,MEDICATION RELATED,0.7770729,MEDICATION RELATED,0.82310325
1949,NEW APPOINTMENT,NEW APPOINTMENT,0.9865458,NEW APPOINTMENT,0.9754479
4608,NEW APPOINTMENT,NEW APPOINTMENT,0.5569597,NEW APPOINTMENT,0.8646396
3341,MEDICATION RELATED,MEDICATION RELATED,0.45412895,MEDICATION RELATED,0.60681653
8331,QUERIES FROM PHARMACY,MEDICATION RELATED,0.8618303,MEDICATION RELATED,0.35677576
4733,MEDICATION RELATED,PROVIDER,0.33090833,"SHARING OF HEALTH RECORDS (FAX, E-MAIL, ETC.)",0.62184405
9916,"SHARING OF HEALTH RECORDS (FAX, E-MAIL, ETC.)","SHARING OF HEALTH RECORDS (FAX, E-MAIL, ETC.)",0.81193674,"SHARING OF HEALTH RECORDS (FAX, E-MAIL, ETC.)",0.9957385
9175,REFILL,REFILL,0.8231115,REFILL,0.8223654
2071,REFILL,REFILL,0.49974555,REFILL,0.7212791
3316,REFILL,REFILL,0.5534275,REFILL,0.9691454
8637,LAB RESULTS,LAB RESULTS,0.8358421,LAB RESULTS,0.79722077
4450,MEDICATION RELATED,MEDICATION RELATED,0.74923146,MEDICATION RELATED,0.35165584
6055,QUERIES FROM PHARMACY,NEW APPOINTMENT,0.95519215,NEW APPOINTMENT,0.45999113
2445,NEW APPOINTMENT,OTHERS,0.34843528,OTHERS,0.36598822
8949,REFILL,REFILL,0.98278135,REFILL,0.95573765
6155,NEW APPOINTMENT,NEW APPOINTMENT,0.60753137,NEW APPOINTMENT,0.5367355
3914,"SHARING OF HEALTH RECORDS (FAX, E-MAIL, ETC.)",OTHERS,0.3010363,MEDICATION RELATED,0.20610078
5661,MEDICATION RELATED,REFILL,0.898284,REFILL,0.80230385
8671,NEW APPOINTMENT,NEW APPOINTMENT,0.70348835,NEW APPOINTMENT,0.9837046
8303,"SHARING OF HEALTH RECORDS (FAX, E-MAIL, ETC.)",MEDICATION RELATED,0.28875208,OTHERS,0.45356616
6951,NEW APPOINTMENT,LAB RESULTS,0.98344326,LAB RESULTS,0.86907184
5046,MEDICATION RELATED,MEDICATION RELATED,0.6525322,MEDICATION RELATED,0.43367806
8155,MEDICATION RELATED,MEDICATION RELATED,0.6923097,REFILL,0.374721
4084,MEDICATION RELATED,MEDICATION RELATED,0.3606825,MEDICATION RELATED,0.6903557
896,NEW APPOINTMENT,NEW APPOINTMENT,0.98489296,NEW APPOINTMENT,0.9682007
3143,OTHERS,MEDICATION RELATED,0.19770207,PRIOR AUTHORIZATION,0.97767866
10337,MEDICATION RELATED,MEDICATION RELATED,0.558531,MEDICATION RELATED,0.60079354
10437,"SHARING OF HEALTH RECORDS (FAX, E-MAIL, ETC.)","SHARING OF HEALTH RECORDS (FAX, E-MAIL, ETC.)",0.39959377,QUERIES FROM PHARMACY,0.29415214
6249,NEW APPOINTMENT,REFILL,0.95613146,REFILL,0.8790583
3102,FOLLOW UP ON PREVIOUS REQUEST,MEDICATION RELATED,0.2713472,FOLLOW UP ON PREVIOUS REQUEST,0.76265496
10563,NEW APPOINTMENT,NEW APPOINTMENT,0.65459776,NEW APPOINTMENT,0.8985981
8085,NEW APPOINTMENT,MEDICATION RELATED,0.5847491,REFILL,0.39123896
5904,REFILL,REFILL,0.55592,REFILL,0.49781695
6876,NEW APPOINTMENT,NEW APPOINTMENT,0.97568226,NEW APPOINTMENT,0.95662516
7525,REFILL,"SHARING OF HEALTH RECORDS (FAX, E-MAIL, ETC.)",0.2559277,REFILL,0.64578843
8159,NEW APPOINTMENT,NEW APPOINTMENT,0.978784,NEW APPOINTMENT,0.9656759
7398,RESCHEDULING,MEDICATION RELATED,0.4761771,MEDICATION RELATED,0.40460932
5102,REFILL,REFILL,0.83855814,REFILL,0.5599014
6548,OTHERS,NEW APPOINTMENT,0.3125999,OTHERS,0.29673257
6374,"SHARING OF HEALTH RECORDS (FAX, E-MAIL, ETC.)",MEDICATION RELATED,0.4104247,"SHARING OF HEALTH RECORDS (FAX, E-MAIL, ETC.)",0.27096567
1416,CANCELLATION,NEW APPOINTMENT,0.5233932,NEW APPOINTMENT,0.8023806
6052,"SHARING OF LAB RECORDS (FAX, E-MAIL, ETC.)",PROVIDER,0.65115887,"SHARING OF HEALTH RECORDS (FAX, E-MAIL, ETC.)",0.7328825
5757,PRIOR AUTHORIZATION,"SHARING OF HEALTH RECORDS (FAX, E-MAIL, ETC.)",0.2777201,QUERIES FROM PHARMACY,0.984271
5659,REFILL,REFILL,0.96864736,REFILL,0.800615
7906,MEDICATION RELATED,MEDICATION RELATED,0.4707543,MEDICATION RELATED,0.5757709
6371,REFILL,MEDICATION RELATED,0.28039193,REFILL,0.5974268
10328,"SHARING OF HEALTH RECORDS (FAX, E-MAIL, ETC.)",SYMPTOMS,0.22072674,"SHARING OF HEALTH RECORDS (FAX, E-MAIL, ETC.)",0.3308628
7972,PROVIDER,MEDICATION RELATED,0.86462784,PROVIDER,0.93163246
8237,OTHERS,NEW APPOINTMENT,0.46572247,MEDICATION RELATED,0.5892315
2743,REFILL,OTHERS,0.34843528,OTHERS,0.36598822
1171,"SHARING OF HEALTH RECORDS (FAX, E-MAIL, ETC.)","SHARING OF HEALTH RECORDS (FAX, E-MAIL, ETC.)",0.26647437,PROVIDER,0.9851782
1497,REFILL,REFILL,0.99899393,REFILL,0.99916935
6038,MEDICATION RELATED,REFILL,0.6074272,MEDICATION RELATED,0.78104573
5224,NEW APPOINTMENT,NEW APPOINTMENT,0.8503262,NEW APPOINTMENT,0.79018015
9149,QUERY ON CURRENT APPOINTMENT,NEW APPOINTMENT,0.6801472,NEW APPOINTMENT,0.613503
2118,"SHARING OF HEALTH RECORDS (FAX, E-MAIL, ETC.)","SHARING OF HEALTH RECORDS (FAX, E-MAIL, ETC.)",0.51691556,"SHARING OF LAB RECORDS (FAX, E-MAIL, ETC.)",0.5850822
2875,NEW APPOINTMENT,NEW APPOINTMENT,0.27777198,CHANGE OF PROVIDER,0.42279014
946,REFILL,REFILL,0.8072245,REFILL,0.99047405
10462,MEDICATION RELATED,"SHARING OF LAB RECORDS (FAX, E-MAIL, ETC.)",0.2515255,FOLLOW UP ON PREVIOUS REQUEST,0.24036518
5602,QUERY ON CURRENT APPOINTMENT,NEW APPOINTMENT,0.6062988,MEDICATION RELATED,0.29057774
5840,MEDICATION RELATED,REFILL,0.95929295,MEDICATION RELATED,0.6403097
10658,PRIOR AUTHORIZATION,PROVIDER,0.37844005,PROVIDER,0.21410337
1808,QUERIES FROM PHARMACY,REFILL,0.8694489,REFILL,0.39860594
5551,REFILL,REFILL,0.9756292,REFILL,0.9911032
2098,PRIOR AUTHORIZATION,"SHARING OF HEALTH RECORDS (FAX, E-MAIL, ETC.)",0.30317813,QUERIES FROM PHARMACY,0.6752733
2837,MEDICATION RELATED,NEW APPOINTMENT,0.7284524,REFILL,0.38027793
2182,OTHERS,MEDICATION RELATED,0.41306257,LAB RESULTS,0.5321164
5831,MEDICATION RELATED,MEDICATION RELATED,0.36507145,SYMPTOMS,0.8316905
8976,NEW APPOINTMENT,NEW APPOINTMENT,0.89771163,NEW APPOINTMENT,0.9124696
3898,"SHARING OF HEALTH RECORDS (FAX, E-MAIL, ETC.)",QUERIES FROM PHARMACY,0.3699372,"SHARING OF HEALTH RECORDS (FAX, E-MAIL, ETC.)",0.71004224
2622,SYMPTOMS,LAB RESULTS,0.9597417,LAB RESULTS,0.9868024
9480,OTHERS,OTHERS,0.34843528,OTHERS,0.36598822
2738,MEDICATION RELATED,MEDICATION RELATED,0.36943698,NEW APPOINTMENT,0.4303099
7,"SHARING OF HEALTH RECORDS (FAX, E-MAIL, ETC.)",PROVIDER,0.31616837,MEDICATION RELATED,0.46397948
4797,NEW APPOINTMENT,NEW APPOINTMENT,0.98902917,NEW APPOINTMENT,0.95222497
6213,REFILL,REFILL,0.944576,REFILL,0.98325104
3460,"SHARING OF HEALTH RECORDS (FAX, E-MAIL, ETC.)","SHARING OF HEALTH RECORDS (FAX, E-MAIL, ETC.)",0.43840986,"SHARING OF HEALTH RECORDS (FAX, E-MAIL, ETC.)",0.40357545
2411,MEDICATION RELATED,NEW APPOINTMENT,0.7497268,NEW APPOINTMENT,0.54424447
3603,MEDICATION RELATED,REFILL,0.8511504,REFILL,0.41017464
10654,REFILL,REFILL,0.97820204,REFILL,0.72097826
9657,NEW APPOINTMENT,OTHERS,0.34843528,OTHERS,0.36598822
6652,SYMPTOMS,MEDICATION RELATED,0.4061614,MEDICATION RELATED,0.42901185
6103,NEW APPOINTMENT,NEW APPOINTMENT,0.9371573,NEW APPOINTMENT,0.98754776
6525,"SHARING OF HEALTH RECORDS (FAX, E-MAIL, ETC.)",MEDICATION RELATED,0.26845282,MEDICATION RELATED,0.30587772
2551,MEDICATION RELATED,NEW APPOINTMENT,0.4120166,NEW APPOINTMENT,0.3946614
4885,PRIOR AUTHORIZATION,MEDICATION RELATED,0.48385352,"SHARING OF HEALTH RECORDS (FAX, E-MAIL, ETC.)",0.28734028
6291,MEDICATION RELATED,REFILL,0.4437323,REFILL,0.45085412
6819,RUNNING LATE TO APPOINTMENT,RUNNING LATE TO APPOINTMENT,0.96847814,RUNNING LATE TO APPOINTMENT,0.9890031
4036,MEDICATION RELATED,PRIOR AUTHORIZATION,0.20121227,MEDICATION RELATED,0.94393885
1240,PROVIDER,OTHERS,0.34843528,OTHERS,0.36598822
6183,MEDICATION RELATED,MEDICATION RELATED,0.66209817,MEDICATION RELATED,0.8939636
3355,QUERIES FROM PHARMACY,REFILL,0.8762494,REFILL,0.8172214
1854,REFILL,MEDICATION RELATED,0.3678018,CHANGE OF PHARMACY,0.44282737
9673,NEW APPOINTMENT,OTHERS,0.3572189,NEW APPOINTMENT,0.79468817
2988,NEW APPOINTMENT,MEDICATION RELATED,0.35027033,NEW APPOINTMENT,0.46177813
3605,REFILL,REFILL,0.7225014,REFILL,0.90514064
1328,MEDICATION RELATED,REFILL,0.71540534,MEDICATION RELATED,0.8715292
7809,QUERY ON CURRENT APPOINTMENT,MEDICATION RELATED,0.30764782,MEDICATION RELATED,0.36624065
1115,QUERIES FROM PHARMACY,PRIOR AUTHORIZATION,0.74811846,FOLLOW UP ON PREVIOUS REQUEST,0.20979148
458,MEDICATION RELATED,MEDICATION RELATED,0.3697035,MEDICATION RELATED,0.9696241
2576,LAB RESULTS,OTHERS,0.34843528,OTHERS,0.36598822
7098,REFILL,REFILL,0.94957066,FOLLOW UP ON PREVIOUS REQUEST,0.5519835
7796,MEDICATION RELATED,CANCELLATION,0.3986343,MEDICATION RELATED,0.36624065
5807,"SHARING OF HEALTH RECORDS (FAX, E-MAIL, ETC.)","SHARING OF HEALTH RECORDS (FAX, E-MAIL, ETC.)",0.6867315,"SHARING OF HEALTH RECORDS (FAX, E-MAIL, ETC.)",0.9181561
3657,REFILL,REFILL,0.93549865,REFILL,0.8803614
2545,OTHERS,MEDICATION RELATED,0.5453682,MEDICATION RELATED,0.7041998
3734,MEDICATION RELATED,NEW APPOINTMENT,0.36185914,MEDICATION RELATED,0.89272773
3205,PRIOR AUTHORIZATION,"SHARING OF HEALTH RECORDS (FAX, E-MAIL, ETC.)",0.2898798,QUERIES FROM PHARMACY,0.9080181
10589,MEDICATION RELATED,NEW APPOINTMENT,0.4529869,MEDICATION RELATED,0.4332879
8928,MEDICATION RELATED,MEDICATION RELATED,0.36825007,MEDICATION RELATED,0.3610687
8828,QUERY ON CURRENT APPOINTMENT,OTHERS,0.34843528,OTHERS,0.36598822
1221,CANCELLATION,NEW APPOINTMENT,0.89553374,NEW APPOINTMENT,0.85002184
2152,NEW APPOINTMENT,NEW APPOINTMENT,0.8949842,NEW APPOINTMENT,0.7976253
5759,NEW APPOINTMENT,CHANGE OF PROVIDER,0.3190405,MEDICATION RELATED,0.3957762
4698,NEW APPOINTMENT,NEW APPOINTMENT,0.84570724,NEW APPOINTMENT,0.5400829
2002,RESCHEDULING,NEW APPOINTMENT,0.6541185,MEDICATION RELATED,0.37393728
3521,"SHARING OF HEALTH RECORDS (FAX, E-MAIL, ETC.)",NEW APPOINTMENT,0.83753073,NEW APPOINTMENT,0.6957104
4724,"SHARING OF HEALTH RECORDS (FAX, E-MAIL, ETC.)","SHARING OF HEALTH RECORDS (FAX, E-MAIL, ETC.)",0.54821557,"SHARING OF HEALTH RECORDS (FAX, E-MAIL, ETC.)",0.5598876
1566,PROVIDER,MEDICATION RELATED,0.45329776,MEDICATION RELATED,0.34962544
647,MEDICATION RELATED,MEDICATION RELATED,0.4375241,MEDICATION RELATED,0.57722664
6257,QUERIES FROM PHARMACY,REFILL,0.64145046,MEDICATION RELATED,0.6662251
10121,MEDICATION RELATED,MEDICATION RELATED,0.56285185,NEW APPOINTMENT,0.6379227
5067,OTHERS,LAB RESULTS,0.35521528,MEDICATION RELATED,0.6242823
3685,REFILL,"SHARING OF HEALTH RECORDS (FAX, E-MAIL, ETC.)",0.53173316,REFILL,0.8748664
9127,MEDICATION RELATED,PROVIDER,0.36770344,OTHERS,0.45164576
1025,MEDICATION RELATED,REFILL,0.63036907,REFILL,0.31118447
8564,REFILL,REFILL,0.98278135,REFILL,0.95573765
4201,NEW APPOINTMENT,NEW APPOINTMENT,0.45883256,NEW APPOINTMENT,0.8350892
3190,"SHARING OF HEALTH RECORDS (FAX, E-MAIL, ETC.)",PROVIDER,0.34922034,"SHARING OF HEALTH RECORDS (FAX, E-MAIL, ETC.)",0.94291306
9627,OTHERS,"SHARING OF HEALTH RECORDS (FAX, E-MAIL, ETC.)",0.51898825,MEDICATION RELATED,0.33768764
5607,REFILL,MEDICATION RELATED,0.41484115,REFILL,0.5749197
1731,MEDICATION RELATED,REFILL,0.59915596,REFILL,0.6710237
3996,MEDICATION RELATED,NEW APPOINTMENT,0.9523282,NEW APPOINTMENT,0.775138
10539,FOLLOW UP ON PREVIOUS REQUEST,NEW APPOINTMENT,0.197762,MEDICATION RELATED,0.2434008
1525,REFILL,NEW APPOINTMENT,0.4468027,NEW APPOINTMENT,0.6237693
3688,LAB RESULTS,LAB RESULTS,0.581688,PROVIDER,0.43490267
8790,MEDICATION RELATED,MEDICATION RELATED,0.31302023,MEDICATION RELATED,0.27395898
7120,MEDICATION RELATED,NEW APPOINTMENT,0.7689753,MEDICATION RELATED,0.53794146
10171,REFILL,REFILL,0.91314524,REFILL,0.9722082
6653,MEDICATION RELATED,MEDICATION RELATED,0.40855518,MEDICATION RELATED,0.9651311
5449,CHANGE OF PROVIDER,"SHARING OF HEALTH RECORDS (FAX, E-MAIL, ETC.)",0.6258665,NEW APPOINTMENT,0.24749382
6345,REFILL,REFILL,0.6446286,REFILL,0.730895
9785,"SHARING OF HEALTH RECORDS (FAX, E-MAIL, ETC.)","SHARING OF HEALTH RECORDS (FAX, E-MAIL, ETC.)",0.34409702,"SHARING OF HEALTH RECORDS (FAX, E-MAIL, ETC.)",0.6118871
8222,FOLLOW UP ON PREVIOUS REQUEST,MEDICATION RELATED,0.4250046,FOLLOW UP ON PREVIOUS REQUEST,0.80709916
9692,MEDICATION RELATED,MEDICATION RELATED,0.3662367,MEDICATION RELATED,0.7171893
2832,"SHARING OF HEALTH RECORDS (FAX, E-MAIL, ETC.)",MEDICATION RELATED,0.22465919,MEDICATION RELATED,0.36624065
6110,QUERIES FROM PHARMACY,REFILL,0.9937689,REFILL,0.970335
6700,FOLLOW UP ON PREVIOUS REQUEST,NEW APPOINTMENT,0.54069126,OTHERS,0.3726609
4820,"SHARING OF LAB RECORDS (FAX, E-MAIL, ETC.)",MEDICATION RELATED,0.3495133,"SHARING OF HEALTH RECORDS (FAX, E-MAIL, ETC.)",0.6809147
7592,MEDICATION RELATED,MEDICATION RELATED,0.700906,LAB RESULTS,0.5785782
5010,MEDICATION RELATED,"SHARING OF HEALTH RECORDS (FAX, E-MAIL, ETC.)",0.40727332,"SHARING OF HEALTH RECORDS (FAX, E-MAIL, ETC.)",0.16621326
10209,QUERIES FROM PHARMACY,QUERIES FROM PHARMACY,0.69465786,QUERIES FROM PHARMACY,0.90386766
7050,REFILL,REFILL,0.9960246,REFILL,0.9898712
7751,NEW APPOINTMENT,NEW APPOINTMENT,0.83760303,NEW APPOINTMENT,0.94053406
8494,MEDICATION RELATED,FOLLOW UP ON PREVIOUS REQUEST,0.40571064,OTHERS,0.43666545
2244,REFILL,REFILL,0.7335337,MEDICATION RELATED,0.41262925
1951,CHANGE OF HOSPITAL,MEDICATION RELATED,0.6000878,RESCHEDULING,0.5349946
3550,QUERIES FROM PHARMACY,QUERIES FROM PHARMACY,0.40247688,MEDICATION RELATED,0.3380143
1107,CHANGE OF HOSPITAL,MEDICATION RELATED,0.55615264,"SHARING OF HEALTH RECORDS (FAX, E-MAIL, ETC.)",0.4162107
3071,OTHERS,OTHERS,0.46199256,OTHERS,0.49029636
6020,MEDICATION RELATED,MEDICATION RELATED,0.38488984,QUERIES FROM PHARMACY,0.5823256
2374,PRIOR AUTHORIZATION,MEDICATION RELATED,0.36595342,PRIOR AUTHORIZATION,0.65439504
10671,NEW APPOINTMENT,CHANGE OF PROVIDER,0.62632716,"SHARING OF LAB RECORDS (FAX, E-MAIL, ETC.)",0.52808714
5132,REFILL,MEDICATION RELATED,0.56096965,MEDICATION RELATED,0.49832246
3432,OTHERS,OTHERS,0.63029397,OTHERS,0.56830084
10391,"SHARING OF LAB RECORDS (FAX, E-MAIL, ETC.)",OTHERS,0.34843528,OTHERS,0.36598822
6092,QUERY ON CURRENT APPOINTMENT,NEW APPOINTMENT,0.7878273,NEW APPOINTMENT,0.38976958
2433,REFILL,REFILL,0.78654706,REFILL,0.89235336
5910,OTHERS,OTHERS,0.34843528,OTHERS,0.36598822
346,RUNNING LATE TO APPOINTMENT,RUNNING LATE TO APPOINTMENT,0.9883718,RUNNING LATE TO APPOINTMENT,0.9890031
6223,REFILL,MEDICATION RELATED,0.7868687,REFILL,0.83624446
5563,OTHERS,NEW APPOINTMENT,0.52354366,MEDICATION RELATED,0.78842914
8722,LAB RESULTS,LAB RESULTS,0.7468035,LAB RESULTS,0.73433137
6410,REFILL,REFILL,0.98702,REFILL,0.99546045
8239,RUNNING LATE TO APPOINTMENT,RUNNING LATE TO APPOINTMENT,0.97565675,RUNNING LATE TO APPOINTMENT,0.9952394
6828,"SHARING OF HEALTH RECORDS (FAX, E-MAIL, ETC.)","SHARING OF HEALTH RECORDS (FAX, E-MAIL, ETC.)",0.28852087,"SHARING OF HEALTH RECORDS (FAX, E-MAIL, ETC.)",0.91879857
3033,REFILL,REFILL,0.6746069,MEDICATION RELATED,0.6407444
2312,LAB RESULTS,LAB RESULTS,0.95815974,LAB RESULTS,0.93052834
7907,NEW APPOINTMENT,NEW APPOINTMENT,0.6648434,NEW APPOINTMENT,0.49305546
7769,RUNNING LATE TO APPOINTMENT,RUNNING LATE TO APPOINTMENT,0.96847814,RUNNING LATE TO APPOINTMENT,0.9890031
3467,MEDICATION RELATED,MEDICATION RELATED,0.30223322,MEDICATION RELATED,0.36624065
6537,MEDICATION RELATED,OTHERS,0.49465927,MEDICATION RELATED,0.54857093
6170,REFILL,REFILL,0.97949505,REFILL,0.98750687
9778,OTHERS,OTHERS,0.34843528,OTHERS,0.36598822
1683,REFILL,NEW APPOINTMENT,0.67425734,REFILL,0.8831822
6561,PRIOR AUTHORIZATION,PRIOR AUTHORIZATION,0.33714423,PRIOR AUTHORIZATION,0.33521298
5961,PRIOR AUTHORIZATION,"SHARING OF HEALTH RECORDS (FAX, E-MAIL, ETC.)",0.35568705,NEW APPOINTMENT,0.31148717
7741,NEW APPOINTMENT,NEW APPOINTMENT,0.6788727,CHANGE OF PROVIDER,0.63157403
4222,RESCHEDULING,NEW APPOINTMENT,0.67913795,NEW APPOINTMENT,0.4699417
9138,RESCHEDULING,NEW APPOINTMENT,0.3826712,NEW APPOINTMENT,0.3946614
752,REFILL,REFILL,0.9218343,REFILL,0.96880186
10711,NEW APPOINTMENT,NEW APPOINTMENT,0.9842552,NEW APPOINTMENT,0.9179741
1992,MEDICATION RELATED,"SHARING OF HEALTH RECORDS (FAX, E-MAIL, ETC.)",0.33399078,REFILL,0.8443663
6475,MEDICATION RELATED,REFILL,0.75059414,QUERIES FROM PHARMACY,0.94031316
4184,"SHARING OF HEALTH RECORDS (FAX, E-MAIL, ETC.)",MEDICATION RELATED,0.46784157,"SHARING OF HEALTH RECORDS (FAX, E-MAIL, ETC.)",0.5927783
925,REFILL,REFILL,0.74727875,SYMPTOMS,0.7368447
9272,OTHERS,MEDICATION RELATED,0.30223322,MEDICATION RELATED,0.36624065
7407,PROVIDER,MEDICATION RELATED,0.44704437,PROVIDER,0.39751828
4227,PROVIDER,MEDICATION RELATED,0.48103133,MEDICATION RELATED,0.27646354
4523,PRIOR AUTHORIZATION,MEDICATION RELATED,0.61452645,PRIOR AUTHORIZATION,0.9791485
669,REFILL,REFILL,0.9960246,REFILL,0.9898712
1659,REFILL,REFILL,0.9960246,REFILL,0.9898712
5812,MEDICATION RELATED,REFILL,0.84243447,REFILL,0.71871424
2414,"SHARING OF HEALTH RECORDS (FAX, E-MAIL, ETC.)",OTHERS,0.23275313,NEW APPOINTMENT,0.2577547
3294,REFILL,MEDICATION RELATED,0.57692224,MEDICATION RELATED,0.59991235
7721,NEW APPOINTMENT,NEW APPOINTMENT,0.95681274,NEW APPOINTMENT,0.77381855
